/*
SQLyog Ultimate v11.11 (64 bit)
MySQL - 5.7.33 : Database - crm
*********************************************************************
*/

/*!40101 SET NAMES utf8 */;

/*!40101 SET SQL_MODE=''*/;

/*!40014 SET @OLD_UNIQUE_CHECKS=@@UNIQUE_CHECKS, UNIQUE_CHECKS=0 */;
/*!40014 SET @OLD_FOREIGN_KEY_CHECKS=@@FOREIGN_KEY_CHECKS, FOREIGN_KEY_CHECKS=0 */;
/*!40101 SET @OLD_SQL_MODE=@@SQL_MODE, SQL_MODE='NO_AUTO_VALUE_ON_ZERO' */;
/*!40111 SET @OLD_SQL_NOTES=@@SQL_NOTES, SQL_NOTES=0 */;
/*Table structure for table `failed_jobs` */

DROP TABLE IF EXISTS `failed_jobs`;

CREATE TABLE `failed_jobs` (
  `id` bigint(20) unsigned NOT NULL AUTO_INCREMENT,
  `connection` text COLLATE utf8mb4_unicode_ci NOT NULL,
  `queue` text COLLATE utf8mb4_unicode_ci NOT NULL,
  `payload` longtext COLLATE utf8mb4_unicode_ci NOT NULL,
  `exception` longtext COLLATE utf8mb4_unicode_ci NOT NULL,
  `failed_at` timestamp NOT NULL DEFAULT CURRENT_TIMESTAMP,
  PRIMARY KEY (`id`)
) ENGINE=InnoDB DEFAULT CHARSET=utf8mb4 COLLATE=utf8mb4_unicode_ci;

/*Data for the table `failed_jobs` */

/*Table structure for table `freelinks` */

DROP TABLE IF EXISTS `freelinks`;

CREATE TABLE `freelinks` (
  `id` bigint(20) unsigned NOT NULL AUTO_INCREMENT,
  `name` varchar(255) COLLATE utf8mb4_unicode_ci NOT NULL,
  `route` varchar(255) COLLATE utf8mb4_unicode_ci NOT NULL,
  `desc` text COLLATE utf8mb4_unicode_ci,
  `status` int(11) NOT NULL DEFAULT '1',
  `created_at` timestamp NULL DEFAULT NULL,
  `updated_at` timestamp NULL DEFAULT NULL,
  PRIMARY KEY (`id`)
) ENGINE=InnoDB AUTO_INCREMENT=20 DEFAULT CHARSET=utf8mb4 COLLATE=utf8mb4_unicode_ci;

/*Data for the table `freelinks` */

insert  into `freelinks`(`id`,`name`,`route`,`desc`,`status`,`created_at`,`updated_at`) values (1,'Home Page','/',NULL,1,'2020-05-17 16:11:46','2020-12-25 14:08:45'),(2,'Dashboard','dashboard',NULL,1,'2020-05-17 16:11:57','2020-05-17 16:11:57'),(3,'Login','login',NULL,1,'2020-05-17 16:12:29','2020-05-17 16:12:29'),(4,'Logout','logout',NULL,1,'2020-05-21 11:02:07','2020-05-21 11:02:07'),(5,'Change Password','setups/change-password',NULL,1,'2020-05-23 07:35:50','2020-08-28 11:14:11'),(6,'Side Bar','side-bar',NULL,1,'2020-05-27 11:02:01','2020-05-27 11:02:01'),(9,'My Image','setups/my-image',NULL,1,'2020-08-28 11:14:30','2020-08-28 11:14:30'),(10,'My Preferences','setups/my-preferences',NULL,1,'2020-08-29 15:47:58','2020-08-29 15:48:08'),(11,'Toggle Status','dashboard/toggle-status',NULL,1,'2020-08-30 13:17:21','2020-12-25 14:07:36');

/*Table structure for table `lead_histories` */

DROP TABLE IF EXISTS `lead_histories`;

CREATE TABLE `lead_histories` (
  `id` bigint(20) unsigned NOT NULL AUTO_INCREMENT,
  `lead_id` bigint(20) unsigned NOT NULL,
  `status` enum('new','hold','trash','cancelled','requested-for-confirmation','confirmed') COLLATE utf8mb4_unicode_ci NOT NULL DEFAULT 'new',
  `user_id` bigint(20) unsigned NOT NULL,
  `created_at` timestamp NULL DEFAULT NULL,
  `updated_at` timestamp NULL DEFAULT NULL,
  PRIMARY KEY (`id`),
  KEY `lead_histories_lead_id_foreign` (`lead_id`),
  KEY `lead_histories_user_id_foreign` (`user_id`),
  CONSTRAINT `lead_histories_lead_id_foreign` FOREIGN KEY (`lead_id`) REFERENCES `leads` (`id`) ON DELETE CASCADE ON UPDATE CASCADE,
  CONSTRAINT `lead_histories_user_id_foreign` FOREIGN KEY (`user_id`) REFERENCES `users` (`id`) ON DELETE CASCADE ON UPDATE CASCADE
) ENGINE=InnoDB AUTO_INCREMENT=508 DEFAULT CHARSET=utf8mb4 COLLATE=utf8mb4_unicode_ci;

/*Data for the table `lead_histories` */

insert  into `lead_histories`(`id`,`lead_id`,`status`,`user_id`,`created_at`,`updated_at`) values (1,4,'new',5218,'2023-02-13 16:58:54','2023-02-13 16:58:54'),(2,5,'new',1,'2023-02-13 17:35:14','2023-02-13 17:35:14'),(3,6,'new',1,'2023-02-13 17:35:14','2023-02-13 17:35:14'),(4,7,'new',1,'2023-02-13 17:35:15','2023-02-13 17:35:15'),(5,8,'new',1,'2023-02-13 17:35:15','2023-02-13 17:35:15'),(6,9,'new',1,'2023-02-13 17:35:15','2023-02-13 17:35:15'),(7,10,'new',1,'2023-02-13 17:35:15','2023-02-13 17:35:15'),(8,11,'new',1,'2023-02-13 17:35:15','2023-02-13 17:35:15'),(9,12,'new',1,'2023-02-13 17:35:15','2023-02-13 17:35:15'),(10,13,'new',1,'2023-02-13 17:35:15','2023-02-13 17:35:15'),(11,14,'new',1,'2023-02-13 17:35:15','2023-02-13 17:35:15'),(12,15,'new',1,'2023-02-13 17:35:15','2023-02-13 17:35:15'),(13,16,'new',1,'2023-02-13 17:35:15','2023-02-13 17:35:15'),(14,17,'new',1,'2023-02-13 17:35:15','2023-02-13 17:35:15'),(15,18,'new',1,'2023-02-13 17:35:15','2023-02-13 17:35:15'),(16,19,'new',1,'2023-02-13 17:35:15','2023-02-13 17:35:15'),(17,20,'new',1,'2023-02-13 17:35:15','2023-02-13 17:35:15'),(18,21,'new',1,'2023-02-13 17:35:15','2023-02-13 17:35:15'),(19,22,'new',1,'2023-02-13 17:35:15','2023-02-13 17:35:15'),(20,23,'new',1,'2023-02-13 17:35:15','2023-02-13 17:35:15'),(21,24,'new',1,'2023-02-13 17:35:15','2023-02-13 17:35:15'),(22,25,'new',1,'2023-02-13 17:35:15','2023-02-13 17:35:15'),(23,26,'new',1,'2023-02-13 17:35:15','2023-02-13 17:35:15'),(24,27,'new',1,'2023-02-13 17:35:15','2023-02-13 17:35:15'),(25,28,'new',1,'2023-02-13 17:35:15','2023-02-13 17:35:15'),(26,29,'new',1,'2023-02-13 17:35:15','2023-02-13 17:35:15'),(27,30,'new',1,'2023-02-13 17:35:15','2023-02-13 17:35:15'),(28,31,'new',1,'2023-02-13 17:35:15','2023-02-13 17:35:15'),(29,32,'new',1,'2023-02-13 17:35:15','2023-02-13 17:35:15'),(30,33,'new',1,'2023-02-13 17:35:15','2023-02-13 17:35:15'),(31,34,'new',1,'2023-02-13 17:35:15','2023-02-13 17:35:15'),(32,35,'new',1,'2023-02-13 17:35:15','2023-02-13 17:35:15'),(33,36,'new',1,'2023-02-13 17:35:15','2023-02-13 17:35:15'),(34,37,'new',1,'2023-02-13 17:35:15','2023-02-13 17:35:15'),(35,38,'new',1,'2023-02-13 17:35:15','2023-02-13 17:35:15'),(36,39,'new',1,'2023-02-13 17:35:15','2023-02-13 17:35:15'),(37,40,'new',1,'2023-02-13 17:35:15','2023-02-13 17:35:15'),(38,41,'new',1,'2023-02-13 17:35:15','2023-02-13 17:35:15'),(39,42,'new',1,'2023-02-13 17:35:15','2023-02-13 17:35:15'),(40,43,'new',1,'2023-02-13 17:35:15','2023-02-13 17:35:15'),(41,44,'new',1,'2023-02-13 17:35:15','2023-02-13 17:35:15'),(42,45,'new',1,'2023-02-13 17:35:15','2023-02-13 17:35:15'),(43,46,'new',1,'2023-02-13 17:35:15','2023-02-13 17:35:15'),(44,47,'new',1,'2023-02-13 17:35:15','2023-02-13 17:35:15'),(45,48,'new',1,'2023-02-13 17:35:15','2023-02-13 17:35:15'),(46,49,'new',1,'2023-02-13 17:35:15','2023-02-13 17:35:15'),(47,50,'new',1,'2023-02-13 17:35:15','2023-02-13 17:35:15'),(48,51,'new',1,'2023-02-13 17:35:15','2023-02-13 17:35:15'),(49,52,'new',1,'2023-02-13 17:35:15','2023-02-13 17:35:15'),(50,53,'new',1,'2023-02-13 17:35:15','2023-02-13 17:35:15'),(51,54,'new',1,'2023-02-13 17:35:15','2023-02-13 17:35:15'),(52,55,'new',1,'2023-02-13 17:35:15','2023-02-13 17:35:15'),(53,56,'new',1,'2023-02-13 17:35:15','2023-02-13 17:35:15'),(54,57,'new',1,'2023-02-13 17:35:15','2023-02-13 17:35:15'),(55,58,'new',1,'2023-02-13 17:35:15','2023-02-13 17:35:15'),(56,59,'new',1,'2023-02-13 17:35:15','2023-02-13 17:35:15'),(57,60,'new',1,'2023-02-13 17:35:15','2023-02-13 17:35:15'),(58,61,'new',1,'2023-02-13 17:35:15','2023-02-13 17:35:15'),(59,62,'new',1,'2023-02-13 17:35:15','2023-02-13 17:35:15'),(60,63,'new',1,'2023-02-13 17:35:15','2023-02-13 17:35:15'),(61,64,'new',1,'2023-02-13 17:35:15','2023-02-13 17:35:15'),(62,65,'new',1,'2023-02-13 17:35:15','2023-02-13 17:35:15'),(63,66,'new',1,'2023-02-13 17:35:15','2023-02-13 17:35:15'),(64,67,'new',1,'2023-02-13 17:35:15','2023-02-13 17:35:15'),(65,68,'new',1,'2023-02-13 17:35:15','2023-02-13 17:35:15'),(66,69,'new',1,'2023-02-13 17:35:15','2023-02-13 17:35:15'),(67,70,'new',1,'2023-02-13 17:35:15','2023-02-13 17:35:15'),(68,71,'new',1,'2023-02-13 17:35:15','2023-02-13 17:35:15'),(69,72,'new',1,'2023-02-13 17:35:15','2023-02-13 17:35:15'),(70,73,'new',1,'2023-02-13 17:35:15','2023-02-13 17:35:15'),(71,74,'new',1,'2023-02-13 17:35:15','2023-02-13 17:35:15'),(72,75,'new',1,'2023-02-13 17:35:15','2023-02-13 17:35:15'),(73,76,'new',1,'2023-02-13 17:35:15','2023-02-13 17:35:15'),(74,77,'new',1,'2023-02-13 17:35:15','2023-02-13 17:35:15'),(75,78,'new',1,'2023-02-13 17:35:15','2023-02-13 17:35:15'),(76,79,'new',1,'2023-02-13 17:35:15','2023-02-13 17:35:15'),(77,80,'new',1,'2023-02-13 17:35:15','2023-02-13 17:35:15'),(78,81,'new',1,'2023-02-13 17:35:15','2023-02-13 17:35:15'),(79,82,'new',1,'2023-02-13 17:35:15','2023-02-13 17:35:15'),(80,83,'new',1,'2023-02-13 17:35:15','2023-02-13 17:35:15'),(81,84,'new',1,'2023-02-13 17:35:15','2023-02-13 17:35:15'),(82,85,'new',1,'2023-02-13 17:35:15','2023-02-13 17:35:15'),(83,86,'new',1,'2023-02-13 17:35:15','2023-02-13 17:35:15'),(84,87,'new',1,'2023-02-13 17:35:15','2023-02-13 17:35:15'),(85,88,'new',1,'2023-02-13 17:35:15','2023-02-13 17:35:15'),(86,89,'new',1,'2023-02-13 17:35:15','2023-02-13 17:35:15'),(87,90,'new',1,'2023-02-13 17:35:15','2023-02-13 17:35:15'),(88,91,'new',1,'2023-02-13 17:35:15','2023-02-13 17:35:15'),(89,92,'new',1,'2023-02-13 17:35:15','2023-02-13 17:35:15'),(90,93,'new',1,'2023-02-13 17:35:15','2023-02-13 17:35:15'),(91,94,'new',1,'2023-02-13 17:35:15','2023-02-13 17:35:15'),(92,95,'new',1,'2023-02-13 17:35:15','2023-02-13 17:35:15'),(93,96,'new',1,'2023-02-13 17:35:15','2023-02-13 17:35:15'),(94,97,'new',1,'2023-02-13 17:35:15','2023-02-13 17:35:15'),(95,98,'new',1,'2023-02-13 17:35:15','2023-02-13 17:35:15'),(96,99,'new',1,'2023-02-13 17:35:15','2023-02-13 17:35:15'),(97,100,'new',1,'2023-02-13 17:35:15','2023-02-13 17:35:15'),(98,101,'new',1,'2023-02-13 17:35:15','2023-02-13 17:35:15'),(99,102,'new',1,'2023-02-13 17:35:15','2023-02-13 17:35:15'),(100,103,'new',1,'2023-02-13 17:35:15','2023-02-13 17:35:15'),(101,104,'new',1,'2023-02-13 17:35:15','2023-02-13 17:35:15'),(102,105,'new',1,'2023-02-13 17:35:15','2023-02-13 17:35:15'),(103,106,'new',1,'2023-02-13 17:35:15','2023-02-13 17:35:15'),(104,107,'new',1,'2023-02-13 17:35:15','2023-02-13 17:35:15'),(105,108,'new',1,'2023-02-13 17:35:15','2023-02-13 17:35:15'),(106,109,'new',1,'2023-02-13 17:35:15','2023-02-13 17:35:15'),(107,110,'new',1,'2023-02-13 17:35:15','2023-02-13 17:35:15'),(108,111,'new',1,'2023-02-13 17:35:15','2023-02-13 17:35:15'),(109,112,'new',1,'2023-02-13 17:35:15','2023-02-13 17:35:15'),(110,113,'new',1,'2023-02-13 17:35:15','2023-02-13 17:35:15'),(111,114,'new',1,'2023-02-13 17:35:15','2023-02-13 17:35:15'),(112,115,'new',1,'2023-02-13 17:35:15','2023-02-13 17:35:15'),(113,116,'new',1,'2023-02-13 17:35:15','2023-02-13 17:35:15'),(114,117,'new',1,'2023-02-13 17:35:15','2023-02-13 17:35:15'),(115,118,'new',1,'2023-02-13 17:35:15','2023-02-13 17:35:15'),(116,119,'new',1,'2023-02-13 17:35:15','2023-02-13 17:35:15'),(117,120,'new',1,'2023-02-13 17:35:15','2023-02-13 17:35:15'),(118,121,'new',1,'2023-02-13 17:35:15','2023-02-13 17:35:15'),(119,122,'new',1,'2023-02-13 17:35:15','2023-02-13 17:35:15'),(120,123,'new',1,'2023-02-13 17:35:15','2023-02-13 17:35:15'),(121,124,'new',1,'2023-02-13 17:35:15','2023-02-13 17:35:15'),(122,125,'new',1,'2023-02-13 17:35:15','2023-02-13 17:35:15'),(123,126,'new',1,'2023-02-13 17:35:15','2023-02-13 17:35:15'),(124,127,'new',1,'2023-02-13 17:35:15','2023-02-13 17:35:15'),(125,128,'new',1,'2023-02-13 17:35:15','2023-02-13 17:35:15'),(126,129,'new',1,'2023-02-13 17:35:15','2023-02-13 17:35:15'),(127,130,'new',1,'2023-02-13 17:35:15','2023-02-13 17:35:15'),(128,131,'new',1,'2023-02-13 17:35:15','2023-02-13 17:35:15'),(129,132,'new',1,'2023-02-13 17:35:15','2023-02-13 17:35:15'),(130,133,'new',1,'2023-02-13 17:35:15','2023-02-13 17:35:15'),(131,134,'new',1,'2023-02-13 17:35:15','2023-02-13 17:35:15'),(132,135,'new',1,'2023-02-13 17:35:15','2023-02-13 17:35:15'),(133,136,'new',1,'2023-02-13 17:35:15','2023-02-13 17:35:15'),(134,137,'new',1,'2023-02-13 17:35:15','2023-02-13 17:35:15'),(135,138,'new',1,'2023-02-13 17:35:15','2023-02-13 17:35:15'),(136,139,'new',1,'2023-02-13 17:35:15','2023-02-13 17:35:15'),(137,140,'new',1,'2023-02-13 17:35:15','2023-02-13 17:35:15'),(138,141,'new',1,'2023-02-13 17:35:15','2023-02-13 17:35:15'),(139,142,'new',1,'2023-02-13 17:35:15','2023-02-13 17:35:15'),(140,143,'new',1,'2023-02-13 17:35:15','2023-02-13 17:35:15'),(141,144,'new',1,'2023-02-13 17:35:15','2023-02-13 17:35:15'),(142,145,'new',1,'2023-02-13 17:35:15','2023-02-13 17:35:15'),(143,146,'new',1,'2023-02-13 17:35:15','2023-02-13 17:35:15'),(144,147,'new',1,'2023-02-13 17:35:15','2023-02-13 17:35:15'),(145,148,'new',1,'2023-02-13 17:35:15','2023-02-13 17:35:15'),(146,149,'new',1,'2023-02-13 17:35:15','2023-02-13 17:35:15'),(147,150,'new',1,'2023-02-13 17:35:15','2023-02-13 17:35:15'),(148,151,'new',1,'2023-02-13 17:35:15','2023-02-13 17:35:15'),(149,152,'new',1,'2023-02-13 17:35:15','2023-02-13 17:35:15'),(150,153,'new',1,'2023-02-13 17:35:15','2023-02-13 17:35:15'),(151,154,'new',1,'2023-02-13 17:35:15','2023-02-13 17:35:15'),(152,155,'new',1,'2023-02-13 17:35:15','2023-02-13 17:35:15'),(153,156,'new',1,'2023-02-13 17:35:15','2023-02-13 17:35:15'),(154,157,'new',1,'2023-02-13 17:35:15','2023-02-13 17:35:15'),(155,158,'new',1,'2023-02-13 17:35:15','2023-02-13 17:35:15'),(156,159,'new',1,'2023-02-13 17:35:15','2023-02-13 17:35:15'),(157,160,'new',1,'2023-02-13 17:35:15','2023-02-13 17:35:15'),(158,161,'new',1,'2023-02-13 17:35:15','2023-02-13 17:35:15'),(159,162,'new',1,'2023-02-13 17:35:15','2023-02-13 17:35:15'),(160,163,'new',1,'2023-02-13 17:35:15','2023-02-13 17:35:15'),(161,164,'new',1,'2023-02-13 17:35:15','2023-02-13 17:35:15'),(162,165,'new',1,'2023-02-13 17:35:15','2023-02-13 17:35:15'),(163,166,'new',1,'2023-02-13 17:35:15','2023-02-13 17:35:15'),(164,167,'new',1,'2023-02-13 17:35:15','2023-02-13 17:35:15'),(165,168,'new',1,'2023-02-13 17:35:15','2023-02-13 17:35:15'),(166,169,'new',1,'2023-02-13 17:35:15','2023-02-13 17:35:15'),(167,170,'new',1,'2023-02-13 17:35:15','2023-02-13 17:35:15'),(168,171,'new',1,'2023-02-13 17:35:15','2023-02-13 17:35:15'),(169,172,'new',1,'2023-02-13 17:35:15','2023-02-13 17:35:15'),(170,173,'new',1,'2023-02-13 17:35:15','2023-02-13 17:35:15'),(171,174,'new',1,'2023-02-13 17:35:15','2023-02-13 17:35:15'),(172,175,'new',1,'2023-02-13 17:35:15','2023-02-13 17:35:15'),(173,176,'new',1,'2023-02-13 17:35:15','2023-02-13 17:35:15'),(174,177,'new',1,'2023-02-13 17:35:15','2023-02-13 17:35:15'),(175,178,'new',1,'2023-02-13 17:35:15','2023-02-13 17:35:15'),(176,179,'new',1,'2023-02-13 17:35:15','2023-02-13 17:35:15'),(177,180,'new',1,'2023-02-13 17:35:15','2023-02-13 17:35:15'),(178,181,'new',1,'2023-02-13 17:35:15','2023-02-13 17:35:15'),(179,182,'new',1,'2023-02-13 17:35:15','2023-02-13 17:35:15'),(180,183,'new',1,'2023-02-13 17:35:15','2023-02-13 17:35:15'),(181,184,'new',1,'2023-02-13 17:35:15','2023-02-13 17:35:15'),(182,185,'new',1,'2023-02-13 17:35:15','2023-02-13 17:35:15'),(183,186,'new',1,'2023-02-13 17:35:15','2023-02-13 17:35:15'),(184,187,'new',1,'2023-02-13 17:35:15','2023-02-13 17:35:15'),(185,188,'new',1,'2023-02-13 17:35:15','2023-02-13 17:35:15'),(186,189,'new',1,'2023-02-13 17:35:15','2023-02-13 17:35:15'),(187,190,'new',1,'2023-02-13 17:35:15','2023-02-13 17:35:15'),(188,191,'new',1,'2023-02-13 17:35:15','2023-02-13 17:35:15'),(189,192,'new',1,'2023-02-13 17:35:15','2023-02-13 17:35:15'),(190,193,'new',1,'2023-02-13 17:35:15','2023-02-13 17:35:15'),(191,194,'new',1,'2023-02-13 17:35:15','2023-02-13 17:35:15'),(192,195,'new',1,'2023-02-13 17:35:15','2023-02-13 17:35:15'),(193,196,'new',1,'2023-02-13 17:35:15','2023-02-13 17:35:15'),(194,197,'new',1,'2023-02-13 17:35:16','2023-02-13 17:35:16'),(195,198,'new',1,'2023-02-13 17:35:16','2023-02-13 17:35:16'),(196,199,'new',1,'2023-02-13 17:35:16','2023-02-13 17:35:16'),(197,200,'new',1,'2023-02-13 17:35:16','2023-02-13 17:35:16'),(198,201,'new',1,'2023-02-13 17:35:16','2023-02-13 17:35:16'),(199,202,'new',1,'2023-02-13 17:35:16','2023-02-13 17:35:16'),(200,203,'new',1,'2023-02-13 17:35:16','2023-02-13 17:35:16'),(201,204,'new',1,'2023-02-13 17:35:16','2023-02-13 17:35:16'),(202,205,'new',1,'2023-02-13 17:35:16','2023-02-13 17:35:16'),(203,206,'new',1,'2023-02-13 17:35:16','2023-02-13 17:35:16'),(204,207,'new',1,'2023-02-13 17:35:16','2023-02-13 17:35:16'),(205,208,'new',1,'2023-02-13 17:35:16','2023-02-13 17:35:16'),(206,209,'new',1,'2023-02-13 17:35:16','2023-02-13 17:35:16'),(207,210,'new',1,'2023-02-13 17:35:16','2023-02-13 17:35:16'),(208,211,'new',1,'2023-02-13 17:35:16','2023-02-13 17:35:16'),(209,212,'new',1,'2023-02-13 17:35:16','2023-02-13 17:35:16'),(210,213,'new',1,'2023-02-13 17:35:16','2023-02-13 17:35:16'),(211,214,'new',1,'2023-02-13 17:35:16','2023-02-13 17:35:16'),(212,215,'new',1,'2023-02-13 17:35:16','2023-02-13 17:35:16'),(213,216,'new',1,'2023-02-13 17:35:16','2023-02-13 17:35:16'),(214,217,'new',1,'2023-02-13 17:35:16','2023-02-13 17:35:16'),(215,218,'new',1,'2023-02-13 17:35:16','2023-02-13 17:35:16'),(216,219,'new',1,'2023-02-13 17:35:16','2023-02-13 17:35:16'),(217,220,'new',1,'2023-02-13 17:35:16','2023-02-13 17:35:16'),(218,221,'new',1,'2023-02-13 17:35:16','2023-02-13 17:35:16'),(219,222,'new',1,'2023-02-13 17:35:16','2023-02-13 17:35:16'),(220,223,'new',1,'2023-02-13 17:35:16','2023-02-13 17:35:16'),(221,224,'new',1,'2023-02-13 17:35:16','2023-02-13 17:35:16'),(222,225,'new',1,'2023-02-13 17:35:16','2023-02-13 17:35:16'),(223,226,'new',1,'2023-02-13 17:35:16','2023-02-13 17:35:16'),(224,227,'new',1,'2023-02-13 17:35:16','2023-02-13 17:35:16'),(225,228,'new',1,'2023-02-13 17:35:16','2023-02-13 17:35:16'),(226,229,'new',1,'2023-02-13 17:35:16','2023-02-13 17:35:16'),(227,230,'new',1,'2023-02-13 17:35:16','2023-02-13 17:35:16'),(228,231,'new',1,'2023-02-13 17:35:16','2023-02-13 17:35:16'),(229,232,'new',1,'2023-02-13 17:35:16','2023-02-13 17:35:16'),(230,233,'new',1,'2023-02-13 17:35:16','2023-02-13 17:35:16'),(231,234,'new',1,'2023-02-13 17:35:16','2023-02-13 17:35:16'),(232,235,'new',1,'2023-02-13 17:35:16','2023-02-13 17:35:16'),(233,236,'new',1,'2023-02-13 17:35:16','2023-02-13 17:35:16'),(234,237,'new',1,'2023-02-13 17:35:16','2023-02-13 17:35:16'),(235,238,'new',1,'2023-02-13 17:35:16','2023-02-13 17:35:16'),(236,239,'new',1,'2023-02-13 17:35:16','2023-02-13 17:35:16'),(237,240,'new',1,'2023-02-13 17:35:16','2023-02-13 17:35:16'),(238,241,'new',1,'2023-02-13 17:35:16','2023-02-13 17:35:16'),(239,242,'new',1,'2023-02-13 17:35:16','2023-02-13 17:35:16'),(240,243,'new',1,'2023-02-13 17:35:16','2023-02-13 17:35:16'),(241,244,'new',1,'2023-02-13 17:35:16','2023-02-13 17:35:16'),(242,245,'new',1,'2023-02-13 17:35:16','2023-02-13 17:35:16'),(243,246,'new',1,'2023-02-13 17:35:16','2023-02-13 17:35:16'),(244,247,'new',1,'2023-02-13 17:35:16','2023-02-13 17:35:16'),(245,248,'new',1,'2023-02-13 17:35:16','2023-02-13 17:35:16'),(246,249,'new',1,'2023-02-13 17:35:16','2023-02-13 17:35:16'),(247,250,'new',1,'2023-02-13 17:35:16','2023-02-13 17:35:16'),(248,251,'new',1,'2023-02-13 17:35:16','2023-02-13 17:35:16'),(249,252,'new',1,'2023-02-13 17:35:16','2023-02-13 17:35:16'),(250,253,'new',1,'2023-02-13 17:35:16','2023-02-13 17:35:16'),(251,254,'new',1,'2023-02-13 17:35:16','2023-02-13 17:35:16'),(252,255,'new',1,'2023-02-13 17:35:16','2023-02-13 17:35:16'),(253,256,'new',1,'2023-02-13 17:35:16','2023-02-13 17:35:16'),(254,257,'new',1,'2023-02-13 17:35:16','2023-02-13 17:35:16'),(255,258,'new',1,'2023-02-13 17:35:16','2023-02-13 17:35:16'),(256,259,'new',1,'2023-02-13 17:35:16','2023-02-13 17:35:16'),(257,260,'new',1,'2023-02-13 17:35:16','2023-02-13 17:35:16'),(258,261,'new',1,'2023-02-13 17:35:16','2023-02-13 17:35:16'),(259,262,'new',1,'2023-02-13 17:35:16','2023-02-13 17:35:16'),(260,263,'new',1,'2023-02-13 17:35:16','2023-02-13 17:35:16'),(261,264,'new',1,'2023-02-13 17:35:16','2023-02-13 17:35:16'),(262,265,'new',1,'2023-02-13 17:35:16','2023-02-13 17:35:16'),(263,266,'new',1,'2023-02-13 17:35:16','2023-02-13 17:35:16'),(264,267,'new',1,'2023-02-13 17:35:16','2023-02-13 17:35:16'),(265,268,'new',1,'2023-02-13 17:35:16','2023-02-13 17:35:16'),(266,269,'new',1,'2023-02-13 17:35:16','2023-02-13 17:35:16'),(267,270,'new',1,'2023-02-13 17:35:16','2023-02-13 17:35:16'),(268,271,'new',1,'2023-02-13 17:35:16','2023-02-13 17:35:16'),(269,272,'new',1,'2023-02-13 17:35:16','2023-02-13 17:35:16'),(270,273,'new',1,'2023-02-13 17:35:16','2023-02-13 17:35:16'),(271,274,'new',1,'2023-02-13 17:35:16','2023-02-13 17:35:16'),(272,275,'new',1,'2023-02-13 17:35:16','2023-02-13 17:35:16'),(273,276,'new',1,'2023-02-13 17:35:16','2023-02-13 17:35:16'),(274,277,'new',1,'2023-02-13 17:35:16','2023-02-13 17:35:16'),(275,278,'new',1,'2023-02-13 17:35:16','2023-02-13 17:35:16'),(276,279,'new',1,'2023-02-13 17:35:16','2023-02-13 17:35:16'),(277,280,'new',1,'2023-02-13 17:35:16','2023-02-13 17:35:16'),(278,281,'new',1,'2023-02-13 17:35:16','2023-02-13 17:35:16'),(279,282,'new',1,'2023-02-13 17:35:16','2023-02-13 17:35:16'),(280,283,'new',1,'2023-02-13 17:35:16','2023-02-13 17:35:16'),(281,284,'new',1,'2023-02-13 17:35:16','2023-02-13 17:35:16'),(282,285,'new',1,'2023-02-13 17:35:16','2023-02-13 17:35:16'),(283,286,'new',1,'2023-02-13 17:35:16','2023-02-13 17:35:16'),(284,287,'new',1,'2023-02-13 17:35:16','2023-02-13 17:35:16'),(285,288,'new',1,'2023-02-13 17:35:16','2023-02-13 17:35:16'),(286,289,'new',1,'2023-02-13 17:35:16','2023-02-13 17:35:16'),(287,290,'new',1,'2023-02-13 17:35:16','2023-02-13 17:35:16'),(288,291,'new',1,'2023-02-13 17:35:16','2023-02-13 17:35:16'),(289,292,'new',1,'2023-02-13 17:35:16','2023-02-13 17:35:16'),(290,293,'new',1,'2023-02-13 17:35:16','2023-02-13 17:35:16'),(291,294,'new',1,'2023-02-13 17:35:16','2023-02-13 17:35:16'),(292,295,'new',1,'2023-02-13 17:35:16','2023-02-13 17:35:16'),(293,296,'new',1,'2023-02-13 17:35:16','2023-02-13 17:35:16'),(294,297,'new',1,'2023-02-13 17:35:16','2023-02-13 17:35:16'),(295,298,'new',1,'2023-02-13 17:35:16','2023-02-13 17:35:16'),(296,299,'new',1,'2023-02-13 17:35:16','2023-02-13 17:35:16'),(297,300,'new',1,'2023-02-13 17:35:16','2023-02-13 17:35:16'),(298,301,'new',1,'2023-02-13 17:35:16','2023-02-13 17:35:16'),(299,302,'new',1,'2023-02-13 17:35:16','2023-02-13 17:35:16'),(300,303,'new',1,'2023-02-13 17:35:16','2023-02-13 17:35:16'),(301,304,'new',1,'2023-02-13 17:35:16','2023-02-13 17:35:16'),(302,305,'new',1,'2023-02-13 17:35:16','2023-02-13 17:35:16'),(303,306,'new',1,'2023-02-13 17:35:16','2023-02-13 17:35:16'),(304,307,'new',1,'2023-02-13 17:35:16','2023-02-13 17:35:16'),(305,308,'new',1,'2023-02-13 17:35:16','2023-02-13 17:35:16'),(306,309,'new',1,'2023-02-13 17:35:16','2023-02-13 17:35:16'),(307,310,'new',1,'2023-02-13 17:35:16','2023-02-13 17:35:16'),(308,311,'new',1,'2023-02-13 17:35:16','2023-02-13 17:35:16'),(309,312,'new',1,'2023-02-13 17:35:16','2023-02-13 17:35:16'),(310,313,'new',1,'2023-02-13 17:35:16','2023-02-13 17:35:16'),(311,314,'new',1,'2023-02-13 17:35:16','2023-02-13 17:35:16'),(312,315,'new',1,'2023-02-13 17:35:16','2023-02-13 17:35:16'),(313,316,'new',1,'2023-02-13 17:35:16','2023-02-13 17:35:16'),(314,317,'new',1,'2023-02-13 17:35:16','2023-02-13 17:35:16'),(315,318,'new',1,'2023-02-13 17:35:16','2023-02-13 17:35:16'),(316,319,'new',1,'2023-02-13 17:35:16','2023-02-13 17:35:16'),(317,320,'new',1,'2023-02-13 17:35:16','2023-02-13 17:35:16'),(318,321,'new',1,'2023-02-13 17:35:16','2023-02-13 17:35:16'),(319,322,'new',1,'2023-02-13 17:35:16','2023-02-13 17:35:16'),(320,323,'new',1,'2023-02-13 17:35:16','2023-02-13 17:35:16'),(321,324,'new',1,'2023-02-13 17:35:16','2023-02-13 17:35:16'),(322,325,'new',1,'2023-02-13 17:35:16','2023-02-13 17:35:16'),(323,326,'new',1,'2023-02-13 17:35:16','2023-02-13 17:35:16'),(324,327,'new',1,'2023-02-13 17:35:16','2023-02-13 17:35:16'),(325,328,'new',1,'2023-02-13 17:35:16','2023-02-13 17:35:16'),(326,329,'new',1,'2023-02-13 17:35:16','2023-02-13 17:35:16'),(327,330,'new',1,'2023-02-13 17:35:16','2023-02-13 17:35:16'),(328,331,'new',1,'2023-02-13 17:35:16','2023-02-13 17:35:16'),(329,332,'new',1,'2023-02-13 17:35:16','2023-02-13 17:35:16'),(330,333,'new',1,'2023-02-13 17:35:16','2023-02-13 17:35:16'),(331,334,'new',1,'2023-02-13 17:35:16','2023-02-13 17:35:16'),(332,335,'new',1,'2023-02-13 17:35:16','2023-02-13 17:35:16'),(333,336,'new',1,'2023-02-13 17:35:16','2023-02-13 17:35:16'),(334,337,'new',1,'2023-02-13 17:35:16','2023-02-13 17:35:16'),(335,338,'new',1,'2023-02-13 17:35:16','2023-02-13 17:35:16'),(336,339,'new',1,'2023-02-13 17:35:16','2023-02-13 17:35:16'),(337,340,'new',1,'2023-02-13 17:35:16','2023-02-13 17:35:16'),(338,341,'new',1,'2023-02-13 17:35:16','2023-02-13 17:35:16'),(339,342,'new',1,'2023-02-13 17:35:16','2023-02-13 17:35:16'),(340,343,'new',1,'2023-02-13 17:35:16','2023-02-13 17:35:16'),(341,344,'new',1,'2023-02-13 17:35:16','2023-02-13 17:35:16'),(342,345,'new',1,'2023-02-13 17:35:16','2023-02-13 17:35:16'),(343,346,'new',1,'2023-02-13 17:35:16','2023-02-13 17:35:16'),(344,347,'new',1,'2023-02-13 17:35:16','2023-02-13 17:35:16'),(345,348,'new',1,'2023-02-13 17:35:16','2023-02-13 17:35:16'),(346,349,'new',1,'2023-02-13 17:35:16','2023-02-13 17:35:16'),(347,350,'new',1,'2023-02-13 17:35:16','2023-02-13 17:35:16'),(348,351,'new',1,'2023-02-13 17:35:16','2023-02-13 17:35:16'),(349,352,'new',1,'2023-02-13 17:35:16','2023-02-13 17:35:16'),(350,353,'new',1,'2023-02-13 17:35:16','2023-02-13 17:35:16'),(351,354,'new',1,'2023-02-13 17:35:16','2023-02-13 17:35:16'),(352,355,'new',1,'2023-02-13 17:35:16','2023-02-13 17:35:16'),(353,356,'new',1,'2023-02-13 17:35:16','2023-02-13 17:35:16'),(354,357,'new',1,'2023-02-13 17:35:16','2023-02-13 17:35:16'),(355,358,'new',1,'2023-02-13 17:35:16','2023-02-13 17:35:16'),(356,359,'new',1,'2023-02-13 17:35:16','2023-02-13 17:35:16'),(357,360,'new',1,'2023-02-13 17:35:16','2023-02-13 17:35:16'),(358,361,'new',1,'2023-02-13 17:35:16','2023-02-13 17:35:16'),(359,362,'new',1,'2023-02-13 17:35:16','2023-02-13 17:35:16'),(360,363,'new',1,'2023-02-13 17:35:16','2023-02-13 17:35:16'),(361,364,'new',1,'2023-02-13 17:35:16','2023-02-13 17:35:16'),(362,365,'new',1,'2023-02-13 17:35:16','2023-02-13 17:35:16'),(363,366,'new',1,'2023-02-13 17:35:16','2023-02-13 17:35:16'),(364,367,'new',1,'2023-02-13 17:35:16','2023-02-13 17:35:16'),(365,368,'new',1,'2023-02-13 17:35:16','2023-02-13 17:35:16'),(366,369,'new',1,'2023-02-13 17:35:16','2023-02-13 17:35:16'),(367,370,'new',1,'2023-02-13 17:35:16','2023-02-13 17:35:16'),(368,371,'new',1,'2023-02-13 17:35:16','2023-02-13 17:35:16'),(369,372,'new',1,'2023-02-13 17:35:16','2023-02-13 17:35:16'),(370,373,'new',1,'2023-02-13 17:35:16','2023-02-13 17:35:16'),(371,374,'new',1,'2023-02-13 17:35:16','2023-02-13 17:35:16'),(372,375,'new',1,'2023-02-13 17:35:16','2023-02-13 17:35:16'),(373,376,'new',1,'2023-02-13 17:35:16','2023-02-13 17:35:16'),(374,377,'new',1,'2023-02-13 17:35:16','2023-02-13 17:35:16'),(375,378,'new',1,'2023-02-13 17:35:16','2023-02-13 17:35:16'),(376,379,'new',1,'2023-02-13 17:35:16','2023-02-13 17:35:16'),(377,380,'new',1,'2023-02-13 17:35:16','2023-02-13 17:35:16'),(378,381,'new',1,'2023-02-13 17:35:16','2023-02-13 17:35:16'),(379,382,'new',1,'2023-02-13 17:35:16','2023-02-13 17:35:16'),(380,383,'new',1,'2023-02-13 17:35:16','2023-02-13 17:35:16'),(381,384,'new',1,'2023-02-13 17:35:16','2023-02-13 17:35:16'),(382,385,'new',1,'2023-02-13 17:35:16','2023-02-13 17:35:16'),(383,386,'new',1,'2023-02-13 17:35:16','2023-02-13 17:35:16'),(384,387,'new',1,'2023-02-13 17:35:16','2023-02-13 17:35:16'),(385,388,'new',1,'2023-02-13 17:35:16','2023-02-13 17:35:16'),(386,389,'new',1,'2023-02-13 17:35:16','2023-02-13 17:35:16'),(387,390,'new',1,'2023-02-13 17:35:16','2023-02-13 17:35:16'),(388,391,'new',1,'2023-02-13 17:35:16','2023-02-13 17:35:16'),(389,392,'new',1,'2023-02-13 17:35:16','2023-02-13 17:35:16'),(390,393,'new',1,'2023-02-13 17:35:16','2023-02-13 17:35:16'),(391,394,'new',1,'2023-02-13 17:35:17','2023-02-13 17:35:17'),(392,395,'new',1,'2023-02-13 17:35:17','2023-02-13 17:35:17'),(393,396,'new',1,'2023-02-13 17:35:17','2023-02-13 17:35:17'),(394,397,'new',1,'2023-02-13 17:35:17','2023-02-13 17:35:17'),(395,398,'new',1,'2023-02-13 17:35:17','2023-02-13 17:35:17'),(396,399,'new',1,'2023-02-13 17:35:17','2023-02-13 17:35:17'),(397,400,'new',1,'2023-02-13 17:35:17','2023-02-13 17:35:17'),(398,401,'new',1,'2023-02-13 17:35:17','2023-02-13 17:35:17'),(399,402,'new',1,'2023-02-13 17:35:17','2023-02-13 17:35:17'),(400,403,'new',1,'2023-02-13 17:35:17','2023-02-13 17:35:17'),(401,404,'new',1,'2023-02-13 17:35:17','2023-02-13 17:35:17'),(402,405,'new',1,'2023-02-13 17:35:17','2023-02-13 17:35:17'),(403,406,'new',1,'2023-02-13 17:35:17','2023-02-13 17:35:17'),(404,407,'new',1,'2023-02-13 17:35:17','2023-02-13 17:35:17'),(405,408,'new',1,'2023-02-13 17:35:17','2023-02-13 17:35:17'),(406,409,'new',1,'2023-02-13 17:35:17','2023-02-13 17:35:17'),(407,410,'new',1,'2023-02-13 17:35:17','2023-02-13 17:35:17'),(408,411,'new',1,'2023-02-13 17:35:17','2023-02-13 17:35:17'),(409,412,'new',1,'2023-02-13 17:35:17','2023-02-13 17:35:17'),(410,413,'new',1,'2023-02-13 17:35:17','2023-02-13 17:35:17'),(411,414,'new',1,'2023-02-13 17:35:17','2023-02-13 17:35:17'),(412,415,'new',1,'2023-02-13 17:35:17','2023-02-13 17:35:17'),(413,416,'new',1,'2023-02-13 17:35:17','2023-02-13 17:35:17'),(414,417,'new',1,'2023-02-13 17:35:17','2023-02-13 17:35:17'),(415,418,'new',1,'2023-02-13 17:35:17','2023-02-13 17:35:17'),(416,419,'new',1,'2023-02-13 17:35:17','2023-02-13 17:35:17'),(417,420,'new',1,'2023-02-13 17:35:17','2023-02-13 17:35:17'),(418,421,'new',1,'2023-02-13 17:35:17','2023-02-13 17:35:17'),(419,422,'new',1,'2023-02-13 17:35:17','2023-02-13 17:35:17'),(420,423,'new',1,'2023-02-13 17:35:17','2023-02-13 17:35:17'),(421,424,'new',1,'2023-02-13 17:35:17','2023-02-13 17:35:17'),(422,425,'new',1,'2023-02-13 17:35:17','2023-02-13 17:35:17'),(423,426,'new',1,'2023-02-13 17:35:17','2023-02-13 17:35:17'),(424,427,'new',1,'2023-02-13 17:35:17','2023-02-13 17:35:17'),(425,428,'new',1,'2023-02-13 17:35:17','2023-02-13 17:35:17'),(426,429,'new',1,'2023-02-13 17:35:17','2023-02-13 17:35:17'),(427,430,'new',1,'2023-02-13 17:35:17','2023-02-13 17:35:17'),(428,431,'new',1,'2023-02-13 17:35:17','2023-02-13 17:35:17'),(429,432,'new',1,'2023-02-13 17:35:17','2023-02-13 17:35:17'),(430,433,'new',1,'2023-02-13 17:35:17','2023-02-13 17:35:17'),(431,434,'new',1,'2023-02-13 17:35:17','2023-02-13 17:35:17'),(432,435,'new',1,'2023-02-13 17:35:17','2023-02-13 17:35:17'),(433,436,'new',1,'2023-02-13 17:35:17','2023-02-13 17:35:17'),(434,437,'new',1,'2023-02-13 17:35:17','2023-02-13 17:35:17'),(435,438,'new',1,'2023-02-13 17:35:17','2023-02-13 17:35:17'),(436,439,'new',1,'2023-02-13 17:35:17','2023-02-13 17:35:17'),(437,440,'new',1,'2023-02-13 17:35:17','2023-02-13 17:35:17'),(438,441,'new',1,'2023-02-13 17:35:17','2023-02-13 17:35:17'),(439,442,'new',1,'2023-02-13 17:35:17','2023-02-13 17:35:17'),(440,443,'new',1,'2023-02-13 17:35:17','2023-02-13 17:35:17'),(441,444,'new',1,'2023-02-13 17:35:17','2023-02-13 17:35:17'),(442,445,'new',1,'2023-02-13 17:35:17','2023-02-13 17:35:17'),(443,446,'new',1,'2023-02-13 17:35:17','2023-02-13 17:35:17'),(444,447,'new',1,'2023-02-13 17:35:17','2023-02-13 17:35:17'),(445,448,'new',1,'2023-02-13 17:35:17','2023-02-13 17:35:17'),(446,449,'new',1,'2023-02-13 17:35:17','2023-02-13 17:35:17'),(447,450,'new',1,'2023-02-13 17:35:17','2023-02-13 17:35:17'),(448,451,'new',1,'2023-02-13 17:35:17','2023-02-13 17:35:17'),(449,452,'new',1,'2023-02-13 17:35:17','2023-02-13 17:35:17'),(450,453,'new',1,'2023-02-13 17:35:17','2023-02-13 17:35:17'),(451,454,'new',1,'2023-02-13 17:35:17','2023-02-13 17:35:17'),(452,455,'new',1,'2023-02-13 17:35:17','2023-02-13 17:35:17'),(453,456,'new',1,'2023-02-13 17:35:17','2023-02-13 17:35:17'),(454,457,'new',1,'2023-02-13 17:35:17','2023-02-13 17:35:17'),(455,458,'new',1,'2023-02-13 17:35:17','2023-02-13 17:35:17'),(456,459,'new',1,'2023-02-13 17:35:17','2023-02-13 17:35:17'),(457,460,'new',1,'2023-02-13 17:35:17','2023-02-13 17:35:17'),(458,461,'new',1,'2023-02-13 17:35:17','2023-02-13 17:35:17'),(459,462,'new',1,'2023-02-13 17:35:17','2023-02-13 17:35:17'),(460,463,'new',1,'2023-02-13 17:35:17','2023-02-13 17:35:17'),(461,464,'new',1,'2023-02-13 17:35:17','2023-02-13 17:35:17'),(462,465,'new',1,'2023-02-13 17:35:17','2023-02-13 17:35:17'),(463,466,'new',1,'2023-02-13 17:35:17','2023-02-13 17:35:17'),(464,467,'new',1,'2023-02-13 17:35:17','2023-02-13 17:35:17'),(465,468,'new',1,'2023-02-13 17:35:17','2023-02-13 17:35:17'),(466,469,'new',1,'2023-02-13 17:35:17','2023-02-13 17:35:17'),(467,470,'new',1,'2023-02-13 17:35:17','2023-02-13 17:35:17'),(468,471,'new',1,'2023-02-13 17:35:17','2023-02-13 17:35:17'),(469,472,'new',1,'2023-02-13 17:35:17','2023-02-13 17:35:17'),(470,473,'new',1,'2023-02-13 17:35:17','2023-02-13 17:35:17'),(471,474,'new',1,'2023-02-13 17:35:17','2023-02-13 17:35:17'),(472,475,'new',1,'2023-02-13 17:35:17','2023-02-13 17:35:17'),(473,476,'new',1,'2023-02-13 17:35:17','2023-02-13 17:35:17'),(474,477,'new',1,'2023-02-13 17:35:17','2023-02-13 17:35:17'),(475,478,'new',1,'2023-02-13 17:35:17','2023-02-13 17:35:17'),(476,479,'new',1,'2023-02-13 17:35:17','2023-02-13 17:35:17'),(477,480,'new',1,'2023-02-13 17:35:17','2023-02-13 17:35:17'),(478,481,'new',1,'2023-02-13 17:35:17','2023-02-13 17:35:17'),(479,482,'new',1,'2023-02-13 17:35:17','2023-02-13 17:35:17'),(480,483,'new',1,'2023-02-13 17:35:17','2023-02-13 17:35:17'),(481,484,'new',1,'2023-02-13 17:35:17','2023-02-13 17:35:17'),(482,485,'new',1,'2023-02-13 17:35:17','2023-02-13 17:35:17'),(483,486,'new',1,'2023-02-13 17:35:17','2023-02-13 17:35:17'),(484,487,'new',1,'2023-02-13 17:35:17','2023-02-13 17:35:17'),(485,488,'new',1,'2023-02-13 17:35:17','2023-02-13 17:35:17'),(486,489,'new',1,'2023-02-13 17:35:17','2023-02-13 17:35:17'),(487,490,'new',1,'2023-02-13 17:35:17','2023-02-13 17:35:17'),(488,491,'new',1,'2023-02-13 17:35:17','2023-02-13 17:35:17'),(489,492,'new',1,'2023-02-13 17:35:17','2023-02-13 17:35:17'),(490,493,'new',1,'2023-02-13 17:35:17','2023-02-13 17:35:17'),(491,494,'new',1,'2023-02-13 17:35:17','2023-02-13 17:35:17'),(492,495,'new',1,'2023-02-13 17:35:17','2023-02-13 17:35:17'),(493,496,'new',1,'2023-02-13 17:35:17','2023-02-13 17:35:17'),(494,497,'new',1,'2023-02-13 17:35:17','2023-02-13 17:35:17'),(495,498,'new',1,'2023-02-13 17:35:17','2023-02-13 17:35:17'),(496,499,'new',1,'2023-02-13 17:35:17','2023-02-13 17:35:17'),(497,500,'new',1,'2023-02-13 17:35:17','2023-02-13 17:35:17'),(498,501,'new',1,'2023-02-13 17:35:17','2023-02-13 17:35:17'),(499,502,'new',1,'2023-02-13 17:35:17','2023-02-13 17:35:17'),(500,503,'new',1,'2023-02-13 17:35:17','2023-02-13 17:35:17'),(501,504,'new',1,'2023-02-13 17:35:17','2023-02-13 17:35:17'),(502,504,'new',5220,'2023-02-13 18:52:25','2023-02-13 18:52:25'),(503,504,'hold',5220,'2023-02-13 18:52:33','2023-02-13 18:52:33'),(504,504,'trash',5220,'2023-02-13 18:52:36','2023-02-13 18:52:36'),(505,504,'cancelled',5220,'2023-02-13 18:52:39','2023-02-13 18:52:39'),(506,504,'requested-for-confirmation',5220,'2023-02-13 18:52:52','2023-02-13 18:52:52'),(507,504,'confirmed',1,'2023-02-13 18:53:33','2023-02-13 18:53:33');

/*Table structure for table `leads` */

DROP TABLE IF EXISTS `leads`;

CREATE TABLE `leads` (
  `id` bigint(20) unsigned NOT NULL AUTO_INCREMENT,
  `name` longtext COLLATE utf8mb4_unicode_ci NOT NULL,
  `phone` longtext COLLATE utf8mb4_unicode_ci NOT NULL,
  `goods_id` int(11) DEFAULT NULL,
  `publisher_id` int(11) DEFAULT NULL,
  `leads_id` int(11) DEFAULT NULL,
  `status` enum('new','hold','trash','cancelled','requested-for-confirmation','confirmed') COLLATE utf8mb4_unicode_ci NOT NULL DEFAULT 'new',
  `created_at` timestamp NULL DEFAULT NULL,
  `updated_at` timestamp NULL DEFAULT NULL,
  PRIMARY KEY (`id`)
) ENGINE=InnoDB AUTO_INCREMENT=505 DEFAULT CHARSET=utf8mb4 COLLATE=utf8mb4_unicode_ci;

/*Data for the table `leads` */

insert  into `leads`(`id`,`name`,`phone`,`goods_id`,`publisher_id`,`leads_id`,`status`,`created_at`,`updated_at`) values (4,'Arafat Anwar','01754148869',1,1,1,'new','2023-02-13 16:58:54','2023-02-13 16:58:54'),(5,'SOqwFOu80INI','59472922947',5713,5777,1157,'new','2023-02-13 17:35:14','2023-02-13 17:35:14'),(6,'ZUNl6dirWo5N','49451766797',5555,3113,1605,'new','2023-02-13 17:35:14','2023-02-13 17:35:14'),(7,'MeVWZvkH7d4O','10958485098',4740,5387,9548,'new','2023-02-13 17:35:14','2023-02-13 17:35:14'),(8,'7txYRkyJJmKH','98683869799',6622,3830,6671,'new','2023-02-13 17:35:15','2023-02-13 17:35:15'),(9,'WFiRfJ17mO4t','82318993982',2004,4422,8344,'new','2023-02-13 17:35:15','2023-02-13 17:35:15'),(10,'BVYCbFaAOZR1','98924591908',9510,7809,1698,'new','2023-02-13 17:35:15','2023-02-13 17:35:15'),(11,'jZSGmkuid1YX','10015511125',5159,2799,4215,'new','2023-02-13 17:35:15','2023-02-13 17:35:15'),(12,'1lKwaJdmTY1s','85879413217',7869,5635,1017,'new','2023-02-13 17:35:15','2023-02-13 17:35:15'),(13,'q9iOa7Bv8brZ','99164046779',7148,7896,8015,'new','2023-02-13 17:35:15','2023-02-13 17:35:15'),(14,'SAb2OWI8ITLo','65201024313',4728,3750,3894,'new','2023-02-13 17:35:15','2023-02-13 17:35:15'),(15,'4oXkCygFgRpd','33177360230',6006,9959,8334,'new','2023-02-13 17:35:15','2023-02-13 17:35:15'),(16,'c355kAGlaYq5','19928394357',5796,1957,4788,'new','2023-02-13 17:35:15','2023-02-13 17:35:15'),(17,'TV1FtccG0Jl2','61295501993',1682,9229,1324,'new','2023-02-13 17:35:15','2023-02-13 17:35:15'),(18,'AorWXGDpRGMt','27689635547',9764,3871,8901,'new','2023-02-13 17:35:15','2023-02-13 17:35:15'),(19,'aqKFL4x6sSF7','29416610317',8586,4685,1822,'new','2023-02-13 17:35:15','2023-02-13 17:35:15'),(20,'R2gfYNtHhQfj','76212181365',4349,6281,2160,'new','2023-02-13 17:35:15','2023-02-13 17:35:15'),(21,'RSfT3pDpjCCC','18015902833',2893,2160,8156,'new','2023-02-13 17:35:15','2023-02-13 17:35:15'),(22,'g5GMUW1pPAWl','15225064846',6517,8854,6583,'new','2023-02-13 17:35:15','2023-02-13 17:35:15'),(23,'gtC002msE6Dy','17632173059',8942,2041,4809,'new','2023-02-13 17:35:15','2023-02-13 17:35:15'),(24,'BHQvZtroAuws','81879100365',6941,7970,3685,'new','2023-02-13 17:35:15','2023-02-13 17:35:15'),(25,'obWQJz5XfXC3','61193996512',8119,7291,1530,'new','2023-02-13 17:35:15','2023-02-13 17:35:15'),(26,'7hGxl3lvXf4C','15226979414',6370,7471,3234,'new','2023-02-13 17:35:15','2023-02-13 17:35:15'),(27,'PCYSVXEsOPPK','22990284147',8326,1102,8317,'new','2023-02-13 17:35:15','2023-02-13 17:35:15'),(28,'O0qTEBWb3MMP','40897914367',5276,9405,4669,'new','2023-02-13 17:35:15','2023-02-13 17:35:15'),(29,'2UnPDGsygS1o','75050624079',5857,1281,8831,'new','2023-02-13 17:35:15','2023-02-13 17:35:15'),(30,'fT3oMU1jmrwW','14090635410',3974,7973,7302,'new','2023-02-13 17:35:15','2023-02-13 17:35:15'),(31,'ynlQy4Rtx7cd','99571076531',9832,4613,1740,'new','2023-02-13 17:35:15','2023-02-13 17:35:15'),(32,'LwkEBAisx8Ca','99468692209',3461,7187,5211,'new','2023-02-13 17:35:15','2023-02-13 17:35:15'),(33,'UCHW5YtMmlYL','31633832683',8655,2776,4505,'new','2023-02-13 17:35:15','2023-02-13 17:35:15'),(34,'LHqqN7Y3yTQ4','15223075978',7952,5803,9080,'new','2023-02-13 17:35:15','2023-02-13 17:35:15'),(35,'EfWNCElYmrvc','33376086383',7850,7061,6159,'new','2023-02-13 17:35:15','2023-02-13 17:35:15'),(36,'OKxLKAkmRjIa','80055761931',4138,8374,6356,'new','2023-02-13 17:35:15','2023-02-13 17:35:15'),(37,'YKH6ZztU9nxj','41636872378',5834,2067,3399,'new','2023-02-13 17:35:15','2023-02-13 17:35:15'),(38,'TJbgGt3p5rXE','57362511645',8724,6368,6074,'new','2023-02-13 17:35:15','2023-02-13 17:35:15'),(39,'0qHz2EOYoxep','74456149573',7812,4176,1253,'new','2023-02-13 17:35:15','2023-02-13 17:35:15'),(40,'X4iqDocm7nk4','76355967904',7789,7058,8074,'new','2023-02-13 17:35:15','2023-02-13 17:35:15'),(41,'8GExWQIr8ZhY','88336815278',5011,7269,1278,'new','2023-02-13 17:35:15','2023-02-13 17:35:15'),(42,'KHKGS0oe4QJR','25620617763',8658,7704,8294,'new','2023-02-13 17:35:15','2023-02-13 17:35:15'),(43,'U9mUJOsVb5f0','91014018417',9517,7529,5106,'new','2023-02-13 17:35:15','2023-02-13 17:35:15'),(44,'l81FIjMlv7dp','44690367949',7114,5614,5516,'new','2023-02-13 17:35:15','2023-02-13 17:35:15'),(45,'OHMNW0kyCQTe','27159082698',4574,7283,7261,'new','2023-02-13 17:35:15','2023-02-13 17:35:15'),(46,'3l0uZ7ZdN7oG','45247874880',2217,5470,6404,'new','2023-02-13 17:35:15','2023-02-13 17:35:15'),(47,'g2sOzoJkcyox','22926373172',3873,6462,4897,'new','2023-02-13 17:35:15','2023-02-13 17:35:15'),(48,'4bUEvlbRggcd','21035350747',6729,7690,1841,'new','2023-02-13 17:35:15','2023-02-13 17:35:15'),(49,'pYYdrOd37tKI','48800909456',3737,2453,3228,'new','2023-02-13 17:35:15','2023-02-13 17:35:15'),(50,'3vWZRqj6dn1Z','57234795540',8764,4966,1380,'new','2023-02-13 17:35:15','2023-02-13 17:35:15'),(51,'5QQzqI140wDK','11193774790',4430,4540,6843,'new','2023-02-13 17:35:15','2023-02-13 17:35:15'),(52,'DDLMmCiTFfs7','52985327963',1031,6734,9770,'new','2023-02-13 17:35:15','2023-02-13 17:35:15'),(53,'bG5VJdoHamKp','57665201499',7729,2117,5129,'new','2023-02-13 17:35:15','2023-02-13 17:35:15'),(54,'1QoKfoPdDMEE','47048869442',4226,1522,4475,'new','2023-02-13 17:35:15','2023-02-13 17:35:15'),(55,'JGyK76ketW4E','70947365141',1930,5223,6107,'new','2023-02-13 17:35:15','2023-02-13 17:35:15'),(56,'DBjA7Nx8IQTe','16718492064',3534,7470,7121,'new','2023-02-13 17:35:15','2023-02-13 17:35:15'),(57,'Oasx44lqaS53','30722829160',2988,4569,7556,'new','2023-02-13 17:35:15','2023-02-13 17:35:15'),(58,'DPCaTEeLKtcP','50395507736',3410,8751,4331,'new','2023-02-13 17:35:15','2023-02-13 17:35:15'),(59,'os5XNi0mG30z','31419764401',5516,2614,7708,'new','2023-02-13 17:35:15','2023-02-13 17:35:15'),(60,'2YHz9aZSKXHJ','15536531897',5526,3928,9196,'new','2023-02-13 17:35:15','2023-02-13 17:35:15'),(61,'O0RQeaNGdv6R','36099901702',5781,3803,8036,'new','2023-02-13 17:35:15','2023-02-13 17:35:15'),(62,'FDStZ0wGhja6','98674001383',3635,6365,3925,'new','2023-02-13 17:35:15','2023-02-13 17:35:15'),(63,'OigRO1siC0wW','16492131482',7345,1856,2018,'new','2023-02-13 17:35:15','2023-02-13 17:35:15'),(64,'ivhzRNqVLMP1','73462077399',4575,9078,8982,'new','2023-02-13 17:35:15','2023-02-13 17:35:15'),(65,'bdr1kfRA46CN','48003153589',5318,6494,2005,'new','2023-02-13 17:35:15','2023-02-13 17:35:15'),(66,'Oj4vrVgo7rl4','74616163991',5449,3379,5879,'new','2023-02-13 17:35:15','2023-02-13 17:35:15'),(67,'72cKcmjYEhOg','44699571043',3699,7384,4922,'new','2023-02-13 17:35:15','2023-02-13 17:35:15'),(68,'w1C0UMyv3Y4A','78528640094',7260,1568,7247,'new','2023-02-13 17:35:15','2023-02-13 17:35:15'),(69,'a0r7J3M8SnLI','69119697828',1650,9157,2715,'new','2023-02-13 17:35:15','2023-02-13 17:35:15'),(70,'FvqYnStDaLdz','77567095692',7001,2182,1682,'new','2023-02-13 17:35:15','2023-02-13 17:35:15'),(71,'dIZAHkcDa0TM','21573852931',5760,5594,3033,'new','2023-02-13 17:35:15','2023-02-13 17:35:15'),(72,'XGSmUquKNEOg','58359964030',6366,2075,3188,'new','2023-02-13 17:35:15','2023-02-13 17:35:15'),(73,'hgkZ9Zjifj0c','49375180760',4276,1354,2584,'new','2023-02-13 17:35:15','2023-02-13 17:35:15'),(74,'xyOzkqzWOLem','66883843098',3521,5286,9306,'new','2023-02-13 17:35:15','2023-02-13 17:35:15'),(75,'rppQCcseXrT2','77922731103',8554,1750,4077,'new','2023-02-13 17:35:15','2023-02-13 17:35:15'),(76,'LxIYGZD25fpc','10527764371',1473,5901,8978,'new','2023-02-13 17:35:15','2023-02-13 17:35:15'),(77,'qsNAMIqE9yxS','60902336457',2086,2407,8727,'new','2023-02-13 17:35:15','2023-02-13 17:35:15'),(78,'mtW1Sl9EL0MY','81571340912',7294,2527,3060,'new','2023-02-13 17:35:15','2023-02-13 17:35:15'),(79,'4oPbF8EOPJSk','35270102441',8555,2054,8232,'new','2023-02-13 17:35:15','2023-02-13 17:35:15'),(80,'0aLqNCTlNUiL','43876884463',5230,4406,8019,'new','2023-02-13 17:35:15','2023-02-13 17:35:15'),(81,'wTT0L9891b5p','13134623449',9436,9524,7601,'new','2023-02-13 17:35:15','2023-02-13 17:35:15'),(82,'ZPzfLshvdUGH','85980487091',4153,2029,5139,'new','2023-02-13 17:35:15','2023-02-13 17:35:15'),(83,'UCnbagtPb8s2','41764771420',8948,3009,7836,'new','2023-02-13 17:35:15','2023-02-13 17:35:15'),(84,'SN3ElziyZkKa','95089945103',8948,3595,6793,'new','2023-02-13 17:35:15','2023-02-13 17:35:15'),(85,'ePI4OrUa75oD','87093447472',5323,8389,8599,'new','2023-02-13 17:35:15','2023-02-13 17:35:15'),(86,'9WsHmLIxz80a','94529644296',6600,1194,5679,'new','2023-02-13 17:35:15','2023-02-13 17:35:15'),(87,'dvsNLnNQo9YU','82778026208',4319,3154,1822,'new','2023-02-13 17:35:15','2023-02-13 17:35:15'),(88,'FKJgmy2nMTLp','91944524781',9297,1579,1539,'new','2023-02-13 17:35:15','2023-02-13 17:35:15'),(89,'OECadXu36Zgo','57713027380',5229,7989,3954,'new','2023-02-13 17:35:15','2023-02-13 17:35:15'),(90,'TMnH8rkC5a24','72189126262',6505,6838,8406,'new','2023-02-13 17:35:15','2023-02-13 17:35:15'),(91,'fVMa6j1rqCwv','81684193445',3110,6604,6629,'new','2023-02-13 17:35:15','2023-02-13 17:35:15'),(92,'EjmqUrxxGKGP','76734960926',4564,4997,8526,'new','2023-02-13 17:35:15','2023-02-13 17:35:15'),(93,'yxOllCeBMrzX','99824333332',9773,6769,2852,'new','2023-02-13 17:35:15','2023-02-13 17:35:15'),(94,'QqcDP80Lw8JJ','12559213775',8019,9154,3666,'new','2023-02-13 17:35:15','2023-02-13 17:35:15'),(95,'eQs1GqtO0PvN','50281502908',9903,9610,4944,'new','2023-02-13 17:35:15','2023-02-13 17:35:15'),(96,'1nOLBNdmXI5F','64019593132',9426,6035,7085,'new','2023-02-13 17:35:15','2023-02-13 17:35:15'),(97,'Wgyvd6kIbjCR','45377959160',5178,4650,6809,'new','2023-02-13 17:35:15','2023-02-13 17:35:15'),(98,'Pg2BnFi0hL7T','28818405434',2347,4393,2920,'new','2023-02-13 17:35:15','2023-02-13 17:35:15'),(99,'UU2ic4rMOm2g','16396114639',5928,7386,4637,'new','2023-02-13 17:35:15','2023-02-13 17:35:15'),(100,'dAGeo2fieOFA','73051260831',7306,3558,8087,'new','2023-02-13 17:35:15','2023-02-13 17:35:15'),(101,'NqVbTZgzFsKs','35763975973',2321,6603,3978,'new','2023-02-13 17:35:15','2023-02-13 17:35:15'),(102,'SfPDhwGnoBWM','95485356332',8545,1871,3576,'new','2023-02-13 17:35:15','2023-02-13 17:35:15'),(103,'Vu7s4M1orB9T','62593574452',5591,1849,9590,'new','2023-02-13 17:35:15','2023-02-13 17:35:15'),(104,'vyyyY0XsRYXE','90206150521',3234,6693,8442,'new','2023-02-13 17:35:15','2023-02-13 17:35:15'),(105,'oEaKZFd0PG8E','89428847404',6482,3583,7828,'new','2023-02-13 17:35:15','2023-02-13 17:35:15'),(106,'uqAg08RKHoPr','62380126020',7755,1465,3182,'new','2023-02-13 17:35:15','2023-02-13 17:35:15'),(107,'WLlCT5qg7E4m','82882439080',8529,7379,9175,'new','2023-02-13 17:35:15','2023-02-13 17:35:15'),(108,'KixgmfIJZUjH','36893531766',3104,6905,1664,'new','2023-02-13 17:35:15','2023-02-13 17:35:15'),(109,'z2J4vmXuXRxL','59817453235',5409,2421,4097,'new','2023-02-13 17:35:15','2023-02-13 17:35:15'),(110,'LmC2UDm99Guc','39673636558',1045,7043,2389,'new','2023-02-13 17:35:15','2023-02-13 17:35:15'),(111,'BNwaZmlevVcE','26162576093',4739,4760,7210,'new','2023-02-13 17:35:15','2023-02-13 17:35:15'),(112,'KVRa6lrKcgTC','66115180105',2710,2037,4506,'new','2023-02-13 17:35:15','2023-02-13 17:35:15'),(113,'coD8BMg8FQif','21770312269',5812,4298,3820,'new','2023-02-13 17:35:15','2023-02-13 17:35:15'),(114,'EkKy78cm4V6M','33964212159',8154,9069,5524,'new','2023-02-13 17:35:15','2023-02-13 17:35:15'),(115,'J2WNrHxuVEHH','95656700407',5954,5885,6810,'new','2023-02-13 17:35:15','2023-02-13 17:35:15'),(116,'QGuZ1lQkwWvM','78276656297',8586,8068,4348,'new','2023-02-13 17:35:15','2023-02-13 17:35:15'),(117,'CvNiDl0O1wMq','44949111034',4659,9931,4285,'new','2023-02-13 17:35:15','2023-02-13 17:35:15'),(118,'p2OElIlBgEsP','84443346936',6906,6771,9888,'new','2023-02-13 17:35:15','2023-02-13 17:35:15'),(119,'mTyOFdAHBTnz','52536044714',3539,5226,2266,'new','2023-02-13 17:35:15','2023-02-13 17:35:15'),(120,'qnNgRajG55cH','41103574909',2578,2346,9969,'new','2023-02-13 17:35:15','2023-02-13 17:35:15'),(121,'psV1lIZKmjD2','80543647126',9037,1767,9099,'new','2023-02-13 17:35:15','2023-02-13 17:35:15'),(122,'Vwt0ufrcFZd3','36549559113',7053,9842,6065,'new','2023-02-13 17:35:15','2023-02-13 17:35:15'),(123,'hSwbjCUl9EKC','11074701473',8322,8705,7009,'new','2023-02-13 17:35:15','2023-02-13 17:35:15'),(124,'6yXHIimFdiiA','26165530471',2593,4046,6243,'new','2023-02-13 17:35:15','2023-02-13 17:35:15'),(125,'W6eLVHg85jwf','74541440894',8740,2874,4393,'new','2023-02-13 17:35:15','2023-02-13 17:35:15'),(126,'jKwe48qZ0Rrv','16517010781',3776,8745,4053,'new','2023-02-13 17:35:15','2023-02-13 17:35:15'),(127,'8mrggHqlcJo9','84082281068',7890,5918,8157,'new','2023-02-13 17:35:15','2023-02-13 17:35:15'),(128,'LeA4z9a9UxPQ','57390614765',5403,6471,6959,'new','2023-02-13 17:35:15','2023-02-13 17:35:15'),(129,'nnlOIksKxZPf','19301869460',4633,6359,3513,'new','2023-02-13 17:35:15','2023-02-13 17:35:15'),(130,'O6BpLR6o0Kez','50155438537',2624,7249,6558,'new','2023-02-13 17:35:15','2023-02-13 17:35:15'),(131,'tFhQipVOTPyO','95538302274',4174,1656,8784,'new','2023-02-13 17:35:15','2023-02-13 17:35:15'),(132,'xUdPZLJjlrko','43395394635',2468,1940,4849,'new','2023-02-13 17:35:15','2023-02-13 17:35:15'),(133,'8nlM1sLxzzQJ','24872865728',3703,5062,6222,'new','2023-02-13 17:35:15','2023-02-13 17:35:15'),(134,'DiWLkq0mxDnq','93979161366',8531,7930,5792,'new','2023-02-13 17:35:15','2023-02-13 17:35:15'),(135,'2vxfyijmHKQr','64121639327',4764,8401,1868,'new','2023-02-13 17:35:15','2023-02-13 17:35:15'),(136,'yd1obmQPLxU0','46973364673',7723,4984,4485,'new','2023-02-13 17:35:15','2023-02-13 17:35:15'),(137,'rkMtlHuItMvE','12573929856',3304,4443,4280,'new','2023-02-13 17:35:15','2023-02-13 17:35:15'),(138,'RzaO0lzTsHLo','62245242879',6458,7963,4527,'new','2023-02-13 17:35:15','2023-02-13 17:35:15'),(139,'oGTmgqmeRTaM','35346188518',7733,7366,1822,'new','2023-02-13 17:35:15','2023-02-13 17:35:15'),(140,'PPEzdzr1lKmI','26577614331',1093,2889,6378,'new','2023-02-13 17:35:15','2023-02-13 17:35:15'),(141,'h6zOKn8J6o8L','41719896116',7511,6768,5122,'new','2023-02-13 17:35:15','2023-02-13 17:35:15'),(142,'MOKH0vi0ugRq','63331854303',1244,7476,1127,'new','2023-02-13 17:35:15','2023-02-13 17:35:15'),(143,'BFOZrjDqGRVR','36384237757',4305,6327,5915,'new','2023-02-13 17:35:15','2023-02-13 17:35:15'),(144,'270nF9LwcGBC','61765843708',3992,2270,4199,'new','2023-02-13 17:35:15','2023-02-13 17:35:15'),(145,'wsuMHB5bBtRb','16310687681',2116,1967,3731,'new','2023-02-13 17:35:15','2023-02-13 17:35:15'),(146,'ws2VS6ri27FB','93716013056',3261,2023,2786,'new','2023-02-13 17:35:15','2023-02-13 17:35:15'),(147,'rGPV5UHjGC56','30293832026',8672,8187,1685,'new','2023-02-13 17:35:15','2023-02-13 17:35:15'),(148,'ILJTv2QmKaLL','81733465941',8326,4446,4122,'new','2023-02-13 17:35:15','2023-02-13 17:35:15'),(149,'RZ8PkIHWnyB3','27984998167',2788,1322,3435,'new','2023-02-13 17:35:15','2023-02-13 17:35:15'),(150,'nAH9Q6G7iq1S','59936224217',5891,2129,6834,'new','2023-02-13 17:35:15','2023-02-13 17:35:15'),(151,'oVofx6pTz9CO','48658993074',7928,8277,4203,'new','2023-02-13 17:35:15','2023-02-13 17:35:15'),(152,'VmspasEjd94o','78945953272',3850,9020,2473,'new','2023-02-13 17:35:15','2023-02-13 17:35:15'),(153,'5SrQ5Nc8ZOKV','80250579455',7618,7398,6795,'new','2023-02-13 17:35:15','2023-02-13 17:35:15'),(154,'TBJbd7ejVQ15','75858646099',6902,5233,6178,'new','2023-02-13 17:35:15','2023-02-13 17:35:15'),(155,'o2iun7Z83zkD','16901889574',7980,3627,1733,'new','2023-02-13 17:35:15','2023-02-13 17:35:15'),(156,'ACx587p9sb1G','98400092974',5080,6986,4997,'new','2023-02-13 17:35:15','2023-02-13 17:35:15'),(157,'YzmRjB0WJIST','54282659012',2950,2193,8527,'new','2023-02-13 17:35:15','2023-02-13 17:35:15'),(158,'xbKpfUlUQ0nr','49702559658',4469,3483,2114,'new','2023-02-13 17:35:15','2023-02-13 17:35:15'),(159,'Ha0Blf8jxXOI','87635454104',9948,8142,7793,'new','2023-02-13 17:35:15','2023-02-13 17:35:15'),(160,'ZUK0tzSwQurH','39417716358',4905,4236,9563,'new','2023-02-13 17:35:15','2023-02-13 17:35:15'),(161,'TNlyldr0jx6k','23993199907',9475,5430,2118,'new','2023-02-13 17:35:15','2023-02-13 17:35:15'),(162,'DMAu7ypfWCS9','95435767779',1260,8258,4042,'new','2023-02-13 17:35:15','2023-02-13 17:35:15'),(163,'hxD13JHOvQUS','64835912247',8596,5315,7329,'new','2023-02-13 17:35:15','2023-02-13 17:35:15'),(164,'Cry82ouOmDnW','45731679496',9985,2768,3416,'new','2023-02-13 17:35:15','2023-02-13 17:35:15'),(165,'uKP5NHpcRmu7','30199356326',3108,7535,9004,'new','2023-02-13 17:35:15','2023-02-13 17:35:15'),(166,'3WSw4yNFe6oa','89358631971',9676,6384,2921,'new','2023-02-13 17:35:15','2023-02-13 17:35:15'),(167,'rHbSvUE2oCPL','95732634611',5727,4261,3369,'new','2023-02-13 17:35:15','2023-02-13 17:35:15'),(168,'nbzLDBMlPrHx','19491193246',7574,8796,6972,'new','2023-02-13 17:35:15','2023-02-13 17:35:15'),(169,'ohvx0XEmEtyM','10898888773',1046,6737,5513,'new','2023-02-13 17:35:15','2023-02-13 17:35:15'),(170,'YEUt7PpNW1Zz','71938636006',9802,4143,7044,'new','2023-02-13 17:35:15','2023-02-13 17:35:15'),(171,'8wHTkPJONVvU','31579359206',9399,6930,8222,'new','2023-02-13 17:35:15','2023-02-13 17:35:15'),(172,'IZdIVDklvp0s','26589559505',2936,9432,9258,'new','2023-02-13 17:35:15','2023-02-13 17:35:15'),(173,'IUmS1HM1PmXo','86828050588',1217,9086,1697,'new','2023-02-13 17:35:15','2023-02-13 17:35:15'),(174,'OQL4JuhrahB2','71359094787',6217,7554,5463,'new','2023-02-13 17:35:15','2023-02-13 17:35:15'),(175,'T5ZxHwtQwL5O','43434446255',8724,8657,4111,'new','2023-02-13 17:35:15','2023-02-13 17:35:15'),(176,'jpLeWUBYIY7h','90661797251',3086,9086,2033,'new','2023-02-13 17:35:15','2023-02-13 17:35:15'),(177,'ePAred52rjc0','26460288998',4782,9800,9426,'new','2023-02-13 17:35:15','2023-02-13 17:35:15'),(178,'jJGPyGL0jZL9','31677737060',8007,6830,9633,'new','2023-02-13 17:35:15','2023-02-13 17:35:15'),(179,'46gTYoSwDIle','57410742964',6113,3106,3640,'new','2023-02-13 17:35:15','2023-02-13 17:35:15'),(180,'gaxpXOh6pd9F','86474643171',1525,4547,2562,'new','2023-02-13 17:35:15','2023-02-13 17:35:15'),(181,'rlxxrPWa3nOl','16786795725',9780,4542,9839,'new','2023-02-13 17:35:15','2023-02-13 17:35:15'),(182,'fWh0NnQH2Th6','21599344372',7760,1646,1797,'new','2023-02-13 17:35:15','2023-02-13 17:35:15'),(183,'kbmxgLzaOCo6','56404924178',4402,3710,1278,'new','2023-02-13 17:35:15','2023-02-13 17:35:15'),(184,'Qorz8QOkvXMi','35950748015',2710,7213,9624,'new','2023-02-13 17:35:15','2023-02-13 17:35:15'),(185,'XsZOnJjpg4qa','25475692376',2778,6532,8945,'new','2023-02-13 17:35:15','2023-02-13 17:35:15'),(186,'VG5uI4h61Uma','66855781768',5795,4625,6503,'new','2023-02-13 17:35:15','2023-02-13 17:35:15'),(187,'jfyHDJPzokm0','65011204546',9224,1755,2552,'new','2023-02-13 17:35:15','2023-02-13 17:35:15'),(188,'ZuDvxuybM3pq','92949981148',5320,8080,6958,'new','2023-02-13 17:35:15','2023-02-13 17:35:15'),(189,'TDFVAOEhdUkO','63621527794',8099,2844,3653,'new','2023-02-13 17:35:15','2023-02-13 17:35:15'),(190,'c2BGs740jesd','46733236547',3033,8020,2042,'new','2023-02-13 17:35:15','2023-02-13 17:35:15'),(191,'LwDs31lKa8p1','69619058321',9745,9008,8356,'new','2023-02-13 17:35:15','2023-02-13 17:35:15'),(192,'wqxAYTOaaZQf','79749493777',3690,1723,2508,'new','2023-02-13 17:35:15','2023-02-13 17:35:15'),(193,'SiZcy88Pan5k','23339979091',8226,1489,8639,'new','2023-02-13 17:35:15','2023-02-13 17:35:15'),(194,'VJ7ptI9EJafI','16829340681',1109,4783,1494,'new','2023-02-13 17:35:15','2023-02-13 17:35:15'),(195,'3ezRJcPtEbko','44235575795',1406,8356,5607,'new','2023-02-13 17:35:15','2023-02-13 17:35:15'),(196,'LXKUAiwU69XA','72664441885',8968,1346,2647,'new','2023-02-13 17:35:15','2023-02-13 17:35:15'),(197,'5tz6wjHzyb4g','86729081489',8374,8850,5158,'new','2023-02-13 17:35:15','2023-02-13 17:35:15'),(198,'96NXZGaWKqCI','38426285002',4787,9061,6488,'new','2023-02-13 17:35:16','2023-02-13 17:35:16'),(199,'b0G0uNfA5Jdi','16624787337',9185,1582,6770,'new','2023-02-13 17:35:16','2023-02-13 17:35:16'),(200,'UWwO4GZJRxQJ','10262722944',5244,8863,8763,'new','2023-02-13 17:35:16','2023-02-13 17:35:16'),(201,'k7yd38JOyjDG','25050739702',1297,1575,2391,'new','2023-02-13 17:35:16','2023-02-13 17:35:16'),(202,'mTAcWaN3GDF8','59353967489',6900,3731,6560,'new','2023-02-13 17:35:16','2023-02-13 17:35:16'),(203,'felzUCRJZtW3','41415384845',6943,2159,2999,'new','2023-02-13 17:35:16','2023-02-13 17:35:16'),(204,'UEhhTiMttmqL','40624040986',3947,9923,4727,'new','2023-02-13 17:35:16','2023-02-13 17:35:16'),(205,'mMLjJfMNfiFY','79560333366',9522,3226,7004,'new','2023-02-13 17:35:16','2023-02-13 17:35:16'),(206,'Q6VXl07Wl6Oh','87701735694',7164,4796,5206,'new','2023-02-13 17:35:16','2023-02-13 17:35:16'),(207,'OO7oCjI0Tfte','25961018858',5670,6270,2032,'new','2023-02-13 17:35:16','2023-02-13 17:35:16'),(208,'zOrBU2iUHkAn','20327026000',4608,7865,9086,'new','2023-02-13 17:35:16','2023-02-13 17:35:16'),(209,'ZGX8UJNDvaco','80253847327',8328,4045,2143,'new','2023-02-13 17:35:16','2023-02-13 17:35:16'),(210,'YC9psc57BPSe','93848540982',2278,4770,1678,'new','2023-02-13 17:35:16','2023-02-13 17:35:16'),(211,'H7vhPzeJTdir','25984215080',4612,7377,2389,'new','2023-02-13 17:35:16','2023-02-13 17:35:16'),(212,'0xTdWu2SHLlk','39266608746',8629,1974,2298,'new','2023-02-13 17:35:16','2023-02-13 17:35:16'),(213,'nLKC1tEpWvWS','28919568751',8519,4530,6659,'new','2023-02-13 17:35:16','2023-02-13 17:35:16'),(214,'zwKO7BoKWOq4','69078471574',2380,1475,1740,'new','2023-02-13 17:35:16','2023-02-13 17:35:16'),(215,'HXV2pw1Qm4De','95828929586',9749,2977,7747,'new','2023-02-13 17:35:16','2023-02-13 17:35:16'),(216,'wvayAKF4OY1D','99344195963',8518,7423,8400,'new','2023-02-13 17:35:16','2023-02-13 17:35:16'),(217,'gQwCeRWfBnxP','67605696087',8617,3824,2462,'new','2023-02-13 17:35:16','2023-02-13 17:35:16'),(218,'spGJqvWi68QM','74828061635',1196,5195,6817,'new','2023-02-13 17:35:16','2023-02-13 17:35:16'),(219,'9EUMWsbJKCIY','36188540015',4540,6757,3106,'new','2023-02-13 17:35:16','2023-02-13 17:35:16'),(220,'ZDQ2hKYZPsUK','34470258123',3007,8016,2850,'new','2023-02-13 17:35:16','2023-02-13 17:35:16'),(221,'k2PWA3eFPu8X','72626643685',5188,3590,8010,'new','2023-02-13 17:35:16','2023-02-13 17:35:16'),(222,'XuTrQMNvCdcZ','11624338205',3627,9964,3297,'new','2023-02-13 17:35:16','2023-02-13 17:35:16'),(223,'mMqnuZTQUd28','47358598724',7715,5318,9279,'new','2023-02-13 17:35:16','2023-02-13 17:35:16'),(224,'MGGG8hr5whzn','20020342788',9948,5591,7051,'new','2023-02-13 17:35:16','2023-02-13 17:35:16'),(225,'gPNf3BytoaCa','81490529665',7961,6255,5902,'new','2023-02-13 17:35:16','2023-02-13 17:35:16'),(226,'lELOI5VZM9rJ','94719301379',2070,9549,9989,'new','2023-02-13 17:35:16','2023-02-13 17:35:16'),(227,'VpPsWbiNLKQ5','51567735084',8406,7074,6000,'new','2023-02-13 17:35:16','2023-02-13 17:35:16'),(228,'81ZFgttXgeBG','57707548645',4923,5516,7785,'new','2023-02-13 17:35:16','2023-02-13 17:35:16'),(229,'9ugCeYW4MdZ0','53635670438',9226,4924,2617,'new','2023-02-13 17:35:16','2023-02-13 17:35:16'),(230,'4uUpAl0VQ7GJ','98403858010',4905,9363,6296,'new','2023-02-13 17:35:16','2023-02-13 17:35:16'),(231,'fQOzhzTiQBla','23565508861',7918,5433,1171,'new','2023-02-13 17:35:16','2023-02-13 17:35:16'),(232,'g8EJr8ag13YG','96857963744',1721,1975,3289,'new','2023-02-13 17:35:16','2023-02-13 17:35:16'),(233,'ZuovCDYgADm7','48814519826',1907,6612,9295,'new','2023-02-13 17:35:16','2023-02-13 17:35:16'),(234,'rMX0WqSasrjM','35199162002',6597,5257,3279,'new','2023-02-13 17:35:16','2023-02-13 17:35:16'),(235,'FCd7UVNNFqXY','58462615353',7179,2996,1052,'new','2023-02-13 17:35:16','2023-02-13 17:35:16'),(236,'4oHfH3eBny4c','13057498708',2123,1864,4704,'new','2023-02-13 17:35:16','2023-02-13 17:35:16'),(237,'miTFhaMZGesF','72311200701',2213,5502,9359,'new','2023-02-13 17:35:16','2023-02-13 17:35:16'),(238,'t9hLnceTdzg4','12185850461',6113,8846,4815,'new','2023-02-13 17:35:16','2023-02-13 17:35:16'),(239,'2O6VkPjptYq7','81776548267',9563,3007,4951,'new','2023-02-13 17:35:16','2023-02-13 17:35:16'),(240,'gBhl0Oihnr9Q','75055743262',5659,4416,7282,'new','2023-02-13 17:35:16','2023-02-13 17:35:16'),(241,'1bMvTB4JxAPS','31337418629',2911,3343,9804,'new','2023-02-13 17:35:16','2023-02-13 17:35:16'),(242,'Gh162c3utg9p','25349477680',3966,5322,6569,'new','2023-02-13 17:35:16','2023-02-13 17:35:16'),(243,'feZ6kBctqlNI','66668116157',6392,9648,2069,'new','2023-02-13 17:35:16','2023-02-13 17:35:16'),(244,'EHfrae1oTmLM','76182772515',7037,3191,7573,'new','2023-02-13 17:35:16','2023-02-13 17:35:16'),(245,'VcwCuLwJduIu','29702250628',1770,6979,5069,'new','2023-02-13 17:35:16','2023-02-13 17:35:16'),(246,'VRG0nybVnSve','23562911800',8642,1513,1072,'new','2023-02-13 17:35:16','2023-02-13 17:35:16'),(247,'PE8Lxq9jyOo9','53431385181',8447,5495,8744,'new','2023-02-13 17:35:16','2023-02-13 17:35:16'),(248,'hc4YXy8FA5M0','42948717568',3308,1530,5203,'new','2023-02-13 17:35:16','2023-02-13 17:35:16'),(249,'WyI6BoEidc69','55234076844',8943,8506,9446,'new','2023-02-13 17:35:16','2023-02-13 17:35:16'),(250,'7p7tpc61PDRG','42254300369',9398,2955,8203,'new','2023-02-13 17:35:16','2023-02-13 17:35:16'),(251,'99qdJePGAYUv','77017733452',7141,9135,9696,'new','2023-02-13 17:35:16','2023-02-13 17:35:16'),(252,'fikVrQYQNaJk','29722827831',7107,6937,9381,'new','2023-02-13 17:35:16','2023-02-13 17:35:16'),(253,'iz9CJ1naGYSk','94268408460',6194,3661,3803,'new','2023-02-13 17:35:16','2023-02-13 17:35:16'),(254,'F0Lnqr6iQZgU','13348559394',7334,8235,7168,'new','2023-02-13 17:35:16','2023-02-13 17:35:16'),(255,'9YT8MbBK3hiw','43061633829',7190,1407,8848,'new','2023-02-13 17:35:16','2023-02-13 17:35:16'),(256,'yvueyNJujweJ','28983462332',4387,7077,7865,'new','2023-02-13 17:35:16','2023-02-13 17:35:16'),(257,'Vxp6HCjkLsoe','45366208161',2327,6028,3683,'new','2023-02-13 17:35:16','2023-02-13 17:35:16'),(258,'V9y4Cgx5igGG','28788888816',8084,5041,7845,'new','2023-02-13 17:35:16','2023-02-13 17:35:16'),(259,'P3MMVUM8hkZ7','78664570636',1833,3740,7215,'new','2023-02-13 17:35:16','2023-02-13 17:35:16'),(260,'ip7wv2zRbrnG','59442620369',5026,7547,1968,'new','2023-02-13 17:35:16','2023-02-13 17:35:16'),(261,'QUUuSqYokgys','38392334545',1875,2351,5740,'new','2023-02-13 17:35:16','2023-02-13 17:35:16'),(262,'wMYzT1LtfS7y','55488817506',4624,2955,8762,'new','2023-02-13 17:35:16','2023-02-13 17:35:16'),(263,'Y88FbSGK1m85','67836185672',4939,3590,7855,'new','2023-02-13 17:35:16','2023-02-13 17:35:16'),(264,'5dxLVNuDHLpv','19270540580',5434,5612,5272,'new','2023-02-13 17:35:16','2023-02-13 17:35:16'),(265,'iksGQ6FDCYIB','79896934550',9954,5083,2403,'new','2023-02-13 17:35:16','2023-02-13 17:35:16'),(266,'XUm7pIBaDiLR','43138761385',8216,4939,3425,'new','2023-02-13 17:35:16','2023-02-13 17:35:16'),(267,'HHOu5Iz0wAbN','22235755719',8087,5717,3865,'new','2023-02-13 17:35:16','2023-02-13 17:35:16'),(268,'Z6N8EGjDnYwe','97977201882',3249,9371,2035,'new','2023-02-13 17:35:16','2023-02-13 17:35:16'),(269,'r11zjjZaMlvU','40783435398',8423,9900,3124,'new','2023-02-13 17:35:16','2023-02-13 17:35:16'),(270,'pD7dhc6YVvsZ','70047937861',5460,2649,6478,'new','2023-02-13 17:35:16','2023-02-13 17:35:16'),(271,'SGbcNvsGQllL','22399392853',5458,2149,5028,'new','2023-02-13 17:35:16','2023-02-13 17:35:16'),(272,'EU8dH6NV9gKE','47829954916',5284,3535,5429,'new','2023-02-13 17:35:16','2023-02-13 17:35:16'),(273,'jXpCW7etA0cv','30487586431',4443,9267,8302,'new','2023-02-13 17:35:16','2023-02-13 17:35:16'),(274,'kHVkFTf9NWJ6','22559150995',7459,9592,5666,'new','2023-02-13 17:35:16','2023-02-13 17:35:16'),(275,'8hnvmb1Cm7v2','60460690683',1338,2001,7573,'new','2023-02-13 17:35:16','2023-02-13 17:35:16'),(276,'rWNdF63293oF','26179267798',2018,5065,1635,'new','2023-02-13 17:35:16','2023-02-13 17:35:16'),(277,'s3H54CaZs2XS','99437804483',7052,3708,8760,'new','2023-02-13 17:35:16','2023-02-13 17:35:16'),(278,'ZdD3UmSv2yhm','48343825120',1207,2776,1735,'new','2023-02-13 17:35:16','2023-02-13 17:35:16'),(279,'YnBQY9c2XWyq','18251036729',5627,6164,4619,'new','2023-02-13 17:35:16','2023-02-13 17:35:16'),(280,'E28DoYteQ0Pt','61962015612',4324,4326,8626,'new','2023-02-13 17:35:16','2023-02-13 17:35:16'),(281,'LSidcJ2JShzU','65808555164',4757,5652,1209,'new','2023-02-13 17:35:16','2023-02-13 17:35:16'),(282,'29tnM4di60zL','43162086804',1970,2491,4767,'new','2023-02-13 17:35:16','2023-02-13 17:35:16'),(283,'aszLmsh6LCYk','29179929179',2179,3709,1557,'new','2023-02-13 17:35:16','2023-02-13 17:35:16'),(284,'I69iSFttewcn','26172516961',5374,2758,4089,'new','2023-02-13 17:35:16','2023-02-13 17:35:16'),(285,'LRlmwY93vVD2','65829608128',6226,1500,3152,'new','2023-02-13 17:35:16','2023-02-13 17:35:16'),(286,'bLdy2oOtFXrB','22274631018',9181,4970,2936,'new','2023-02-13 17:35:16','2023-02-13 17:35:16'),(287,'P1cvFCq62Xn1','20174703863',8893,3967,1607,'new','2023-02-13 17:35:16','2023-02-13 17:35:16'),(288,'6eorPfjwVqMG','81411041399',2036,4502,2343,'new','2023-02-13 17:35:16','2023-02-13 17:35:16'),(289,'dVroXhglj9y6','95821906808',2724,2108,6213,'new','2023-02-13 17:35:16','2023-02-13 17:35:16'),(290,'nHytcaBTdDsV','25922624571',1867,9378,6193,'new','2023-02-13 17:35:16','2023-02-13 17:35:16'),(291,'cZZqDa4KbHJ6','98110265617',5521,8984,4208,'new','2023-02-13 17:35:16','2023-02-13 17:35:16'),(292,'EURH69tZJVfQ','58320613857',6804,4697,4886,'new','2023-02-13 17:35:16','2023-02-13 17:35:16'),(293,'wDDyguvmWKCY','83205824068',1725,9981,7798,'new','2023-02-13 17:35:16','2023-02-13 17:35:16'),(294,'NnqT1DLTf1Xp','14373704190',7135,9621,3823,'new','2023-02-13 17:35:16','2023-02-13 17:35:16'),(295,'k3vCmhlIoTW7','13306289761',3662,1524,5943,'new','2023-02-13 17:35:16','2023-02-13 17:35:16'),(296,'Gi1QZ1hvkeu4','48333362419',8973,2638,2764,'new','2023-02-13 17:35:16','2023-02-13 17:35:16'),(297,'OdMkZkv9Qm3e','10153939132',4370,5187,6690,'new','2023-02-13 17:35:16','2023-02-13 17:35:16'),(298,'m8mNYA8Onyhn','32344433868',8502,5418,7089,'new','2023-02-13 17:35:16','2023-02-13 17:35:16'),(299,'nyWm2gkxGFki','19087318607',7314,3985,7154,'new','2023-02-13 17:35:16','2023-02-13 17:35:16'),(300,'zoJPBYhMtwE8','58126956024',6288,9344,6049,'new','2023-02-13 17:35:16','2023-02-13 17:35:16'),(301,'Yppy4WRkJeNO','93011005097',6623,9838,2901,'new','2023-02-13 17:35:16','2023-02-13 17:35:16'),(302,'ssHPj010CeuS','12477991627',7804,4926,4122,'new','2023-02-13 17:35:16','2023-02-13 17:35:16'),(303,'XakFGlbeECrS','63778376961',6182,5361,4982,'new','2023-02-13 17:35:16','2023-02-13 17:35:16'),(304,'Rs4ubNYcpEqD','25900539029',5391,7491,1880,'new','2023-02-13 17:35:16','2023-02-13 17:35:16'),(305,'yr7doaCTwgLO','58324052630',1408,8727,8146,'new','2023-02-13 17:35:16','2023-02-13 17:35:16'),(306,'dvQWnUamjAdL','21008336443',2679,7391,3041,'new','2023-02-13 17:35:16','2023-02-13 17:35:16'),(307,'I7ON0qx1wxms','31633698163',5899,4130,1093,'new','2023-02-13 17:35:16','2023-02-13 17:35:16'),(308,'NGNG548h8V8j','71996868441',5630,7751,3318,'new','2023-02-13 17:35:16','2023-02-13 17:35:16'),(309,'ssrPS98h3QZR','66694432928',8325,1432,5448,'new','2023-02-13 17:35:16','2023-02-13 17:35:16'),(310,'OWigDtBPiIFE','49783562624',9641,4152,4721,'new','2023-02-13 17:35:16','2023-02-13 17:35:16'),(311,'VWYylSVg5VJb','95431961272',7501,3779,7806,'new','2023-02-13 17:35:16','2023-02-13 17:35:16'),(312,'wY6kRo1FGE1p','84163066519',9439,5528,5120,'new','2023-02-13 17:35:16','2023-02-13 17:35:16'),(313,'bvBFVWOS5Vhg','48018144544',4043,9384,1303,'new','2023-02-13 17:35:16','2023-02-13 17:35:16'),(314,'PKbH1D0uI2c6','89665513381',1118,2831,8977,'new','2023-02-13 17:35:16','2023-02-13 17:35:16'),(315,'93sdda7o29ah','98115696223',5395,8607,8123,'new','2023-02-13 17:35:16','2023-02-13 17:35:16'),(316,'yr4riuycWzgL','23388346584',7604,8313,6942,'new','2023-02-13 17:35:16','2023-02-13 17:35:16'),(317,'4vitGvN3q1oD','83455689693',9272,1895,3617,'new','2023-02-13 17:35:16','2023-02-13 17:35:16'),(318,'ELufb2z1Pqyr','33382019699',7852,1801,8869,'new','2023-02-13 17:35:16','2023-02-13 17:35:16'),(319,'G1XHPLTTaaVv','70374791862',5235,4958,2696,'new','2023-02-13 17:35:16','2023-02-13 17:35:16'),(320,'hJIK0urNsT6g','45570291477',5943,9137,2570,'new','2023-02-13 17:35:16','2023-02-13 17:35:16'),(321,'IS9xuwGqDXAd','41399369888',7822,7809,4553,'new','2023-02-13 17:35:16','2023-02-13 17:35:16'),(322,'QdbOruJhyLdE','29022492315',7647,6834,9469,'new','2023-02-13 17:35:16','2023-02-13 17:35:16'),(323,'xDozn6DTz77G','95373468228',9397,8209,1688,'new','2023-02-13 17:35:16','2023-02-13 17:35:16'),(324,'98F8S2y6iE4m','78143649632',2823,7609,4959,'new','2023-02-13 17:35:16','2023-02-13 17:35:16'),(325,'UdWtBsJeJU8o','23999960292',1953,4843,4076,'new','2023-02-13 17:35:16','2023-02-13 17:35:16'),(326,'FmsE9uHE6hJi','98091005537',1358,1152,3273,'new','2023-02-13 17:35:16','2023-02-13 17:35:16'),(327,'wimtlnB0mAwU','44209900546',1558,3504,2453,'new','2023-02-13 17:35:16','2023-02-13 17:35:16'),(328,'m47AbwaSy1qI','23699574231',1726,7770,9047,'new','2023-02-13 17:35:16','2023-02-13 17:35:16'),(329,'YPN6KF6pIJfD','70023794996',7526,8000,7572,'new','2023-02-13 17:35:16','2023-02-13 17:35:16'),(330,'qxzOxsKxMJvh','31744068462',6022,9326,9576,'new','2023-02-13 17:35:16','2023-02-13 17:35:16'),(331,'kaWYUfVNbf2p','91434460528',6895,5797,2589,'new','2023-02-13 17:35:16','2023-02-13 17:35:16'),(332,'RtieRsVhU7Pm','18085158040',7106,2432,2526,'new','2023-02-13 17:35:16','2023-02-13 17:35:16'),(333,'S9ZJ2Jxk7VQQ','18715952984',9983,1703,8186,'new','2023-02-13 17:35:16','2023-02-13 17:35:16'),(334,'VtJqjD1vv42i','77159108005',2492,3037,7609,'new','2023-02-13 17:35:16','2023-02-13 17:35:16'),(335,'5NRDgCOC1uWb','52389785295',8926,6292,8542,'new','2023-02-13 17:35:16','2023-02-13 17:35:16'),(336,'C2m83OfHdwUp','38737969313',2076,3991,9927,'new','2023-02-13 17:35:16','2023-02-13 17:35:16'),(337,'wXOMSgnzGE8o','35752074250',8050,5773,5240,'new','2023-02-13 17:35:16','2023-02-13 17:35:16'),(338,'NXwcVU4uLeUh','24627397430',4077,6878,3957,'new','2023-02-13 17:35:16','2023-02-13 17:35:16'),(339,'AeYP64jFp51B','77408807674',1579,7144,8395,'new','2023-02-13 17:35:16','2023-02-13 17:35:16'),(340,'bPaoC3oYbYsK','73335419263',3256,3774,6613,'new','2023-02-13 17:35:16','2023-02-13 17:35:16'),(341,'t65l5BnRZLLS','83203053905',2051,4126,3973,'new','2023-02-13 17:35:16','2023-02-13 17:35:16'),(342,'zdRg6JKgfQ11','58282040088',7719,3022,6188,'new','2023-02-13 17:35:16','2023-02-13 17:35:16'),(343,'nrRYGTtYbUXU','50714002136',8902,7065,2893,'new','2023-02-13 17:35:16','2023-02-13 17:35:16'),(344,'d7NBsggjPKrg','98296196638',3776,5596,7291,'new','2023-02-13 17:35:16','2023-02-13 17:35:16'),(345,'kF6mQ12OYG1T','24147348287',5936,2632,3198,'new','2023-02-13 17:35:16','2023-02-13 17:35:16'),(346,'U57qx6SPWWHV','31719014133',6268,9942,8944,'new','2023-02-13 17:35:16','2023-02-13 17:35:16'),(347,'IoZtYKmmghz1','24974600883',9768,3671,8406,'new','2023-02-13 17:35:16','2023-02-13 17:35:16'),(348,'Rp2nrRn7Boj3','13866053524',2712,3258,1398,'new','2023-02-13 17:35:16','2023-02-13 17:35:16'),(349,'8hWPPtoSmhQk','54757421579',6695,3603,2538,'new','2023-02-13 17:35:16','2023-02-13 17:35:16'),(350,'XCHY0d2U6FXz','57055721222',7125,1696,7787,'new','2023-02-13 17:35:16','2023-02-13 17:35:16'),(351,'OVlxiTQYArKo','45523576492',7375,1027,8837,'new','2023-02-13 17:35:16','2023-02-13 17:35:16'),(352,'V2wOF63yr21i','36715898955',7280,3719,3471,'new','2023-02-13 17:35:16','2023-02-13 17:35:16'),(353,'SpwavoJVRWcL','72597895275',9672,9301,4988,'new','2023-02-13 17:35:16','2023-02-13 17:35:16'),(354,'7q3HLB3VJqoa','23390065270',8868,1567,8067,'new','2023-02-13 17:35:16','2023-02-13 17:35:16'),(355,'CPSKk0UoVOOL','98433431474',2859,4526,4884,'new','2023-02-13 17:35:16','2023-02-13 17:35:16'),(356,'4cESDfWJs2AN','83357118961',6376,4565,8091,'new','2023-02-13 17:35:16','2023-02-13 17:35:16'),(357,'8xMmOe7wYLpd','71956207312',4420,4064,5700,'new','2023-02-13 17:35:16','2023-02-13 17:35:16'),(358,'SBbwCbhG3kWD','50506647372',9409,9349,1967,'new','2023-02-13 17:35:16','2023-02-13 17:35:16'),(359,'bzWPtEGuLdqi','61490497408',2860,5342,2681,'new','2023-02-13 17:35:16','2023-02-13 17:35:16'),(360,'gTXATx7Trnzf','37293096634',2084,7092,2305,'new','2023-02-13 17:35:16','2023-02-13 17:35:16'),(361,'qn19vqaOgYZT','82691596101',3769,8826,2509,'new','2023-02-13 17:35:16','2023-02-13 17:35:16'),(362,'ZKwLGezcyS7N','16629679145',3751,2477,4088,'new','2023-02-13 17:35:16','2023-02-13 17:35:16'),(363,'rPDDFYx6naft','41226962674',4527,1268,2983,'new','2023-02-13 17:35:16','2023-02-13 17:35:16'),(364,'s9lJYLoZBAIO','53028390284',5689,4421,3690,'new','2023-02-13 17:35:16','2023-02-13 17:35:16'),(365,'LBgtvuyVVKlm','57101104406',7532,6138,4101,'new','2023-02-13 17:35:16','2023-02-13 17:35:16'),(366,'FygJptnTVkdE','76668987108',6291,2031,8563,'new','2023-02-13 17:35:16','2023-02-13 17:35:16'),(367,'pJAePlvDS3Ad','87412824842',1870,9771,7024,'new','2023-02-13 17:35:16','2023-02-13 17:35:16'),(368,'dA2ka5pn4Yi5','25679435040',8941,5916,5290,'new','2023-02-13 17:35:16','2023-02-13 17:35:16'),(369,'WwJQrR6wPHGC','51356645627',6872,5561,5415,'new','2023-02-13 17:35:16','2023-02-13 17:35:16'),(370,'Wk6K7mN7WIvE','50885566555',3286,4855,7957,'new','2023-02-13 17:35:16','2023-02-13 17:35:16'),(371,'UXHE5Cj9cJk6','46411167713',5318,9594,3199,'new','2023-02-13 17:35:16','2023-02-13 17:35:16'),(372,'4gvqQBriYXta','43223575356',3184,3338,6150,'new','2023-02-13 17:35:16','2023-02-13 17:35:16'),(373,'upiMJJ8iu1fG','40330636906',3508,5054,1133,'new','2023-02-13 17:35:16','2023-02-13 17:35:16'),(374,'0eu2f7UxQbpb','81886880848',9808,3157,8155,'new','2023-02-13 17:35:16','2023-02-13 17:35:16'),(375,'rteUcKjpcoZP','35703568821',5275,3619,6005,'new','2023-02-13 17:35:16','2023-02-13 17:35:16'),(376,'Ka1wG9hGAZf7','44447456006',7941,1811,3817,'new','2023-02-13 17:35:16','2023-02-13 17:35:16'),(377,'ncG0q7VLzcOb','28874276209',6180,9974,6102,'new','2023-02-13 17:35:16','2023-02-13 17:35:16'),(378,'YaulsfvJA4MV','37206099131',7020,5342,6745,'new','2023-02-13 17:35:16','2023-02-13 17:35:16'),(379,'o8eePVktzfjV','84319081691',9924,4746,4404,'new','2023-02-13 17:35:16','2023-02-13 17:35:16'),(380,'lFPnR8EMdgQY','42408438759',3986,6152,4643,'new','2023-02-13 17:35:16','2023-02-13 17:35:16'),(381,'FwXdfwMpBtWG','34100344142',5870,7563,7370,'new','2023-02-13 17:35:16','2023-02-13 17:35:16'),(382,'auNBzuaUJvjP','36623999765',8387,6589,9882,'new','2023-02-13 17:35:16','2023-02-13 17:35:16'),(383,'6c2KN87GzkN4','78114400187',7144,3649,5394,'new','2023-02-13 17:35:16','2023-02-13 17:35:16'),(384,'8ZljJuD71XTn','35163989434',7421,1246,8296,'new','2023-02-13 17:35:16','2023-02-13 17:35:16'),(385,'fKt3GZrHyfM1','24888820227',1257,9524,6290,'new','2023-02-13 17:35:16','2023-02-13 17:35:16'),(386,'3vhwFSZnQOar','83367797254',5649,9428,2680,'new','2023-02-13 17:35:16','2023-02-13 17:35:16'),(387,'JQ8O2h4OZwVw','73926205976',5455,3872,7950,'new','2023-02-13 17:35:16','2023-02-13 17:35:16'),(388,'mQs9ONxyZHx5','10181135285',9887,4586,4340,'new','2023-02-13 17:35:16','2023-02-13 17:35:16'),(389,'wJ3TpvRrI6ub','70392709060',7269,2101,2474,'new','2023-02-13 17:35:16','2023-02-13 17:35:16'),(390,'GQeGUdl0QUBl','83507024229',6757,2226,7698,'new','2023-02-13 17:35:16','2023-02-13 17:35:16'),(391,'OvjIoR5P8qGd','63095316715',6383,3995,4056,'new','2023-02-13 17:35:16','2023-02-13 17:35:16'),(392,'N27kJBwMJMLq','68485519790',6987,2986,6682,'new','2023-02-13 17:35:16','2023-02-13 17:35:16'),(393,'KRxLKUnJMWdM','26282275622',9099,5880,3984,'new','2023-02-13 17:35:16','2023-02-13 17:35:16'),(394,'WnTXFdq7YZyx','75109736680',8463,4155,7246,'new','2023-02-13 17:35:17','2023-02-13 17:35:17'),(395,'GHrluEJg0UVB','93632255352',8470,4569,4876,'new','2023-02-13 17:35:17','2023-02-13 17:35:17'),(396,'SR2TSLILcMHE','68455410611',8127,6013,2380,'new','2023-02-13 17:35:17','2023-02-13 17:35:17'),(397,'ZZ1idN84618I','66515629164',9190,2775,9274,'new','2023-02-13 17:35:17','2023-02-13 17:35:17'),(398,'1efxY28izBtT','75940513817',8692,5392,9649,'new','2023-02-13 17:35:17','2023-02-13 17:35:17'),(399,'iv0dfjOntMJZ','91459935256',8039,7723,9536,'new','2023-02-13 17:35:17','2023-02-13 17:35:17'),(400,'eJ6uRkPWULmK','78869183239',3933,3147,6843,'new','2023-02-13 17:35:17','2023-02-13 17:35:17'),(401,'NJL8trn3zmgm','33741473309',5193,3874,5917,'new','2023-02-13 17:35:17','2023-02-13 17:35:17'),(402,'nefIxAEouE28','33575899477',1484,1957,9073,'new','2023-02-13 17:35:17','2023-02-13 17:35:17'),(403,'RhFIPMbpMO68','71000645612',7906,3313,1264,'new','2023-02-13 17:35:17','2023-02-13 17:35:17'),(404,'CnUHglgXCK5T','57391108924',2709,2710,5312,'new','2023-02-13 17:35:17','2023-02-13 17:35:17'),(405,'FoVwtpBdylnb','77002846518',9610,7561,9176,'new','2023-02-13 17:35:17','2023-02-13 17:35:17'),(406,'nW28yRtzYBR9','62050601953',9376,7937,6271,'new','2023-02-13 17:35:17','2023-02-13 17:35:17'),(407,'gvQ9FAOaseWs','28912269031',8927,2366,4774,'new','2023-02-13 17:35:17','2023-02-13 17:35:17'),(408,'pqs11UZgFA0R','70827568939',4491,3135,3202,'new','2023-02-13 17:35:17','2023-02-13 17:35:17'),(409,'MkwvEaCQtq5f','92977996739',8321,2570,1678,'new','2023-02-13 17:35:17','2023-02-13 17:35:17'),(410,'4rXx62khJJaJ','53889969358',8105,9758,6252,'new','2023-02-13 17:35:17','2023-02-13 17:35:17'),(411,'n5QvdyIoANPj','85207672784',4162,3245,1658,'new','2023-02-13 17:35:17','2023-02-13 17:35:17'),(412,'jEuaTaeYCbfT','84031605390',7410,4177,9377,'new','2023-02-13 17:35:17','2023-02-13 17:35:17'),(413,'OdyzxkIsl4WB','25116264839',5635,5116,1258,'new','2023-02-13 17:35:17','2023-02-13 17:35:17'),(414,'DI28IeKRMGMW','63865866543',2638,2224,4976,'new','2023-02-13 17:35:17','2023-02-13 17:35:17'),(415,'q3WSKutrMYiH','53851603820',8295,7085,4879,'new','2023-02-13 17:35:17','2023-02-13 17:35:17'),(416,'oxcPeRfzFtpI','24019002134',7573,1710,4138,'new','2023-02-13 17:35:17','2023-02-13 17:35:17'),(417,'ukc8Qi1ny4sa','51147932377',1500,9310,4443,'new','2023-02-13 17:35:17','2023-02-13 17:35:17'),(418,'z6e0KhoS3vAv','87930168114',2989,3193,5829,'new','2023-02-13 17:35:17','2023-02-13 17:35:17'),(419,'BuqGqG6geZoc','69016784488',4252,6144,6367,'new','2023-02-13 17:35:17','2023-02-13 17:35:17'),(420,'eXtTI8rZGitW','34037883392',2034,8174,5326,'new','2023-02-13 17:35:17','2023-02-13 17:35:17'),(421,'3HhM9AQlHwwa','97360074272',4630,2297,2726,'new','2023-02-13 17:35:17','2023-02-13 17:35:17'),(422,'12UpEILVWh0k','13755582673',1977,2141,5130,'new','2023-02-13 17:35:17','2023-02-13 17:35:17'),(423,'Zep1K785JrDz','42121023554',3883,2661,5964,'new','2023-02-13 17:35:17','2023-02-13 17:35:17'),(424,'67k3xmmrdelT','17848215391',8431,4500,5468,'new','2023-02-13 17:35:17','2023-02-13 17:35:17'),(425,'FR0ya8Eelf4F','93397705446',8673,3947,2819,'new','2023-02-13 17:35:17','2023-02-13 17:35:17'),(426,'cXl3Cd5mieXC','11901103400',8357,5088,5711,'new','2023-02-13 17:35:17','2023-02-13 17:35:17'),(427,'kTJa6kej4lyD','55989276935',2350,9630,3702,'new','2023-02-13 17:35:17','2023-02-13 17:35:17'),(428,'peZ1xDCYUXcn','76569832112',8008,1965,8268,'new','2023-02-13 17:35:17','2023-02-13 17:35:17'),(429,'smDW0bxGXRuH','22920640530',9818,4295,6904,'new','2023-02-13 17:35:17','2023-02-13 17:35:17'),(430,'VVAqtelPvNZ0','41531148274',9828,1446,1820,'new','2023-02-13 17:35:17','2023-02-13 17:35:17'),(431,'TsKvvBQfeTXV','24359356394',9274,8320,8170,'new','2023-02-13 17:35:17','2023-02-13 17:35:17'),(432,'2WWMfqARhO9J','65461669753',2984,9217,5048,'new','2023-02-13 17:35:17','2023-02-13 17:35:17'),(433,'d2PI1Z8sB9b2','24152394659',7662,1741,7627,'new','2023-02-13 17:35:17','2023-02-13 17:35:17'),(434,'0VSHgqxGyl4E','94162106042',4031,9533,1743,'new','2023-02-13 17:35:17','2023-02-13 17:35:17'),(435,'mVxwS9t63I4t','31360164986',3982,4594,6594,'new','2023-02-13 17:35:17','2023-02-13 17:35:17'),(436,'rVLG6AOKnOZl','11495575368',2489,7814,4429,'new','2023-02-13 17:35:17','2023-02-13 17:35:17'),(437,'sAjWTVfLTOrt','29766273409',7830,6900,3672,'new','2023-02-13 17:35:17','2023-02-13 17:35:17'),(438,'fk6K77hx3XDU','72083376027',9113,6305,1053,'new','2023-02-13 17:35:17','2023-02-13 17:35:17'),(439,'bZgVAIebOU4y','25288571511',8603,4651,2761,'new','2023-02-13 17:35:17','2023-02-13 17:35:17'),(440,'q4ungrz0nCAs','52143783007',8687,9486,3502,'new','2023-02-13 17:35:17','2023-02-13 17:35:17'),(441,'O1T4F147ZIVw','79720188209',7249,4270,7406,'new','2023-02-13 17:35:17','2023-02-13 17:35:17'),(442,'eTFR4yJPB9qO','31248252116',2735,7817,2606,'new','2023-02-13 17:35:17','2023-02-13 17:35:17'),(443,'zOKsGT50YPx3','24495170367',4336,1733,6815,'new','2023-02-13 17:35:17','2023-02-13 17:35:17'),(444,'SLwpl8Xrfetb','11629694607',1923,5915,7356,'new','2023-02-13 17:35:17','2023-02-13 17:35:17'),(445,'SnuWgwIXDWzX','52197562685',2143,1986,5155,'new','2023-02-13 17:35:17','2023-02-13 17:35:17'),(446,'dfsBc1yZMOFf','11602990279',2453,2882,3023,'new','2023-02-13 17:35:17','2023-02-13 17:35:17'),(447,'hGELPGpHlbNy','59944248602',6550,9127,4758,'new','2023-02-13 17:35:17','2023-02-13 17:35:17'),(448,'LBzgYdrI7vWO','53870993573',8304,5608,1302,'new','2023-02-13 17:35:17','2023-02-13 17:35:17'),(449,'eJ8vyTGHSMjS','36849667930',9765,9107,8157,'new','2023-02-13 17:35:17','2023-02-13 17:35:17'),(450,'77TzoON8lTDn','35048924203',2916,2021,3867,'new','2023-02-13 17:35:17','2023-02-13 17:35:17'),(451,'FPeGjWwHUtKe','75369667474',6343,4385,4762,'new','2023-02-13 17:35:17','2023-02-13 17:35:17'),(452,'XVahKeYYhSr8','87013544539',2429,2222,4300,'new','2023-02-13 17:35:17','2023-02-13 17:35:17'),(453,'w9lB6WiDBkhk','16150377850',7040,2019,3802,'new','2023-02-13 17:35:17','2023-02-13 17:35:17'),(454,'PVEgfPCAvIGy','39946866689',8614,8188,8814,'new','2023-02-13 17:35:17','2023-02-13 17:35:17'),(455,'OHDB9pza8TKe','66551321122',6554,1179,2467,'new','2023-02-13 17:35:17','2023-02-13 17:35:17'),(456,'ZeIClNLN0nh2','91100626063',3216,8283,3838,'new','2023-02-13 17:35:17','2023-02-13 17:35:17'),(457,'U2gsWcXLrE8x','53863425150',8793,2987,2302,'new','2023-02-13 17:35:17','2023-02-13 17:35:17'),(458,'uQzGnTz2jrp1','65342853837',3290,8616,3611,'new','2023-02-13 17:35:17','2023-02-13 17:35:17'),(459,'7FHFa39OFZG0','72170970029',9386,6724,7870,'new','2023-02-13 17:35:17','2023-02-13 17:35:17'),(460,'LTQ3NjJdRait','98895401817',1906,8573,5144,'new','2023-02-13 17:35:17','2023-02-13 17:35:17'),(461,'eIlQ8WhWriOL','73722096167',6304,4524,7593,'new','2023-02-13 17:35:17','2023-02-13 17:35:17'),(462,'ysUSCi52Hbfg','31288344338',8904,1846,7842,'new','2023-02-13 17:35:17','2023-02-13 17:35:17'),(463,'CaX5QKTGy96E','26936909147',4376,4569,7048,'new','2023-02-13 17:35:17','2023-02-13 17:35:17'),(464,'APKnLY5qoDjl','44142496474',2176,2640,9260,'new','2023-02-13 17:35:17','2023-02-13 17:35:17'),(465,'Hcy697wsgdbH','24239747568',8340,1555,6743,'new','2023-02-13 17:35:17','2023-02-13 17:35:17'),(466,'Zq4nFljzZwg3','60949773501',2418,4212,9938,'new','2023-02-13 17:35:17','2023-02-13 17:35:17'),(467,'MZBN16Cagq4V','50767008913',9405,8555,1287,'new','2023-02-13 17:35:17','2023-02-13 17:35:17'),(468,'zJ1iZt9RQxea','13841706826',3657,6876,9778,'new','2023-02-13 17:35:17','2023-02-13 17:35:17'),(469,'nj0hiFJJVlhh','64068560600',2565,7573,6929,'new','2023-02-13 17:35:17','2023-02-13 17:35:17'),(470,'QecgnpkVUdws','33905389294',6104,8564,4605,'new','2023-02-13 17:35:17','2023-02-13 17:35:17'),(471,'062TUPFOFd6W','74739135758',6850,7685,2067,'new','2023-02-13 17:35:17','2023-02-13 17:35:17'),(472,'ttnGyHn9lm9z','77357229830',9664,8785,3739,'new','2023-02-13 17:35:17','2023-02-13 17:35:17'),(473,'mNd9bgD2rprn','91447868724',4533,8594,9513,'new','2023-02-13 17:35:17','2023-02-13 17:35:17'),(474,'UkvLBGkhMcTp','12588960925',8377,8277,5745,'new','2023-02-13 17:35:17','2023-02-13 17:35:17'),(475,'xqMhn5qzvbmd','56062289052',9356,9422,6927,'new','2023-02-13 17:35:17','2023-02-13 17:35:17'),(476,'gMhkuASldjes','12276259293',1421,7062,8077,'new','2023-02-13 17:35:17','2023-02-13 17:35:17'),(477,'GBLmgB2ONsZJ','64740851337',8573,4700,4525,'new','2023-02-13 17:35:17','2023-02-13 17:35:17'),(478,'pdj6Cup1o8RN','98375781052',4034,3970,6103,'new','2023-02-13 17:35:17','2023-02-13 17:35:17'),(479,'3lzjsQ10Nlg4','35127444580',2495,2203,6586,'new','2023-02-13 17:35:17','2023-02-13 17:35:17'),(480,'Rli2q8c5mNO3','26168070699',6871,4689,1232,'new','2023-02-13 17:35:17','2023-02-13 17:35:17'),(481,'fSK7dvIMFX8i','24279304316',2511,4750,7332,'new','2023-02-13 17:35:17','2023-02-13 17:35:17'),(482,'7QmJACbwFO0y','95682364638',2458,3239,8967,'new','2023-02-13 17:35:17','2023-02-13 17:35:17'),(483,'9QW1ARQlsAmq','99213446656',1846,7023,3096,'new','2023-02-13 17:35:17','2023-02-13 17:35:17'),(484,'zLvSVRI2c2zp','93735147746',6314,2079,1224,'new','2023-02-13 17:35:17','2023-02-13 17:35:17'),(485,'BUAbVqkkJX6X','53889332455',3532,2546,6902,'new','2023-02-13 17:35:17','2023-02-13 17:35:17'),(486,'s6Vso0ni3quE','96267966650',6420,4356,8431,'new','2023-02-13 17:35:17','2023-02-13 17:35:17'),(487,'AZCxWvr3meWq','21233449866',9295,8873,1110,'new','2023-02-13 17:35:17','2023-02-13 17:35:17'),(488,'gR3INpVon4y4','69166699000',5041,7443,7135,'new','2023-02-13 17:35:17','2023-02-13 17:35:17'),(489,'tTgG8wM2joy1','72294810425',4953,8736,1137,'new','2023-02-13 17:35:17','2023-02-13 17:35:17'),(490,'mgbNL5QqHLYs','29421919562',7101,9977,8592,'new','2023-02-13 17:35:17','2023-02-13 17:35:17'),(491,'m5wOCz3Tcd4s','10882542763',6672,9178,3503,'new','2023-02-13 17:35:17','2023-02-13 17:35:17'),(492,'iiuyzgnEYGpO','72559339266',9445,8945,3816,'new','2023-02-13 17:35:17','2023-02-13 17:35:17'),(493,'ivi9L7TeQ25Y','16872339756',8120,7222,6732,'new','2023-02-13 17:35:17','2023-02-13 17:35:17'),(494,'NZ5rUNsshNFB','43574803303',4443,3748,7621,'new','2023-02-13 17:35:17','2023-02-13 17:35:17'),(495,'vq0TG1wVABU7','60184948917',6932,5420,3288,'new','2023-02-13 17:35:17','2023-02-13 17:35:17'),(496,'z02Wff0KctS2','59619429367',6772,8494,6077,'new','2023-02-13 17:35:17','2023-02-13 17:35:17'),(497,'XVcDYTRvuHta','93039247749',3677,7176,2398,'new','2023-02-13 17:35:17','2023-02-13 17:35:17'),(498,'u8W9jyjyBFyb','50255800088',3454,3945,1629,'new','2023-02-13 17:35:17','2023-02-13 17:35:17'),(499,'2KolqCIXQGQf','88968455938',1825,1094,1544,'new','2023-02-13 17:35:17','2023-02-13 17:35:17'),(500,'oVH3lVzl1Mtz','71962124604',4033,5679,2621,'new','2023-02-13 17:35:17','2023-02-13 17:35:17'),(501,'aKfMJCEJbkrL','81288026201',6654,3962,9533,'new','2023-02-13 17:35:17','2023-02-13 17:35:17'),(502,'62PS5bMHGXlx','98089917234',2100,6486,5397,'new','2023-02-13 17:35:17','2023-02-13 17:35:17'),(503,'YF95DdD3Wy5T','76351688397',1722,7121,8922,'new','2023-02-13 17:35:17','2023-02-13 17:35:17'),(504,'0DQvAKVJzdkG','21832375399',7760,1559,2005,'confirmed','2023-02-13 17:35:17','2023-02-13 18:53:33');

/*Table structure for table `menu` */

DROP TABLE IF EXISTS `menu`;

CREATE TABLE `menu` (
  `id` bigint(20) unsigned NOT NULL AUTO_INCREMENT,
  `module_id` bigint(20) unsigned NOT NULL,
  `name` varchar(255) COLLATE utf8mb4_unicode_ci NOT NULL,
  `route` text COLLATE utf8mb4_unicode_ci NOT NULL,
  `icon` text COLLATE utf8mb4_unicode_ci,
  `desc` text COLLATE utf8mb4_unicode_ci,
  `serial` int(11) DEFAULT NULL,
  `status` int(11) NOT NULL DEFAULT '1',
  `created_at` timestamp NULL DEFAULT NULL,
  `updated_at` timestamp NULL DEFAULT NULL,
  PRIMARY KEY (`id`),
  KEY `menu_module_id_foreign` (`module_id`),
  CONSTRAINT `menu_module_id_foreign` FOREIGN KEY (`module_id`) REFERENCES `modules` (`id`) ON UPDATE CASCADE
) ENGINE=InnoDB AUTO_INCREMENT=66 DEFAULT CHARSET=utf8mb4 COLLATE=utf8mb4_unicode_ci;

/*Data for the table `menu` */

insert  into `menu`(`id`,`module_id`,`name`,`route`,`icon`,`desc`,`serial`,`status`,`created_at`,`updated_at`) values (8,6,'System Settings','#','fas fa-chart-pie',NULL,0,1,'2020-05-15 13:45:58','2020-05-15 13:45:58'),(10,6,'Role Management','#','fab fa-pied-piper-alt',NULL,1,1,'2020-05-15 17:37:59','2020-08-28 10:12:48'),(44,17,'Dashboard','/','fa fa-home',NULL,1,1,'2020-08-25 13:25:46','2020-08-26 13:58:23'),(55,6,'Users','admins','fa fa-user-secret',NULL,2,1,'2020-08-28 10:13:15','2022-01-04 18:58:22');

/*Table structure for table `migrations` */

DROP TABLE IF EXISTS `migrations`;

CREATE TABLE `migrations` (
  `id` int(10) unsigned NOT NULL AUTO_INCREMENT,
  `migration` varchar(255) COLLATE utf8mb4_unicode_ci NOT NULL,
  `batch` int(11) NOT NULL,
  PRIMARY KEY (`id`)
) ENGINE=InnoDB AUTO_INCREMENT=236 DEFAULT CHARSET=utf8mb4 COLLATE=utf8mb4_unicode_ci;

/*Data for the table `migrations` */

insert  into `migrations`(`id`,`migration`,`batch`) values (234,'2023_02_13_155826_leads',1),(235,'2023_02_13_160601_lead_histories',1);

/*Table structure for table `modules` */

DROP TABLE IF EXISTS `modules`;

CREATE TABLE `modules` (
  `id` bigint(20) unsigned NOT NULL AUTO_INCREMENT,
  `name` varchar(255) COLLATE utf8mb4_unicode_ci NOT NULL,
  `route` text COLLATE utf8mb4_unicode_ci NOT NULL,
  `icon` text COLLATE utf8mb4_unicode_ci,
  `desc` text COLLATE utf8mb4_unicode_ci,
  `serial` int(11) DEFAULT NULL,
  `status` int(11) NOT NULL DEFAULT '1',
  `created_at` timestamp NULL DEFAULT NULL,
  `updated_at` timestamp NULL DEFAULT NULL,
  PRIMARY KEY (`id`)
) ENGINE=InnoDB AUTO_INCREMENT=19 DEFAULT CHARSET=utf8mb4 COLLATE=utf8mb4_unicode_ci;

/*Data for the table `modules` */

insert  into `modules`(`id`,`name`,`route`,`icon`,`desc`,`serial`,`status`,`created_at`,`updated_at`) values (6,'Setups','setups','fas fa-cogs',NULL,1,1,'2020-05-15 10:58:39','2020-08-25 14:13:26'),(17,'Dashboard','dashboard','fa fa-home',NULL,0,1,'2020-08-25 13:24:59','2020-08-26 13:58:50');

/*Table structure for table `options` */

DROP TABLE IF EXISTS `options`;

CREATE TABLE `options` (
  `id` bigint(20) unsigned NOT NULL AUTO_INCREMENT,
  `menu_id` bigint(20) unsigned NOT NULL,
  `submenu_id` bigint(20) unsigned NOT NULL,
  `name` varchar(255) COLLATE utf8mb4_unicode_ci NOT NULL,
  `desc` text COLLATE utf8mb4_unicode_ci,
  `status` int(11) NOT NULL DEFAULT '1',
  `created_at` timestamp NULL DEFAULT NULL,
  `updated_at` timestamp NULL DEFAULT NULL,
  PRIMARY KEY (`id`),
  KEY `options_menu_id_foreign` (`menu_id`),
  KEY `options_submenu_id_foreign` (`submenu_id`),
  CONSTRAINT `options_menu_id_foreign` FOREIGN KEY (`menu_id`) REFERENCES `menu` (`id`)
) ENGINE=InnoDB AUTO_INCREMENT=127 DEFAULT CHARSET=utf8mb4 COLLATE=utf8mb4_unicode_ci;

/*Data for the table `options` */

insert  into `options`(`id`,`menu_id`,`submenu_id`,`name`,`desc`,`status`,`created_at`,`updated_at`) values (94,44,0,'create',NULL,1,'2023-02-13 15:35:08','2023-02-13 15:35:08'),(95,44,0,'edit',NULL,1,'2023-02-13 15:35:08','2023-02-13 15:35:08'),(96,44,0,'delete',NULL,1,'2023-02-13 15:35:08','2023-02-13 15:35:08'),(97,55,0,'create',NULL,1,'2023-02-13 15:35:08','2023-02-13 15:35:08'),(98,55,0,'edit',NULL,1,'2023-02-13 15:35:08','2023-02-13 15:35:08'),(99,55,0,'delete',NULL,1,'2023-02-13 15:35:08','2023-02-13 15:35:08'),(103,8,1,'create',NULL,1,'2023-02-13 15:35:47','2023-02-13 15:35:47'),(104,8,1,'edit',NULL,1,'2023-02-13 15:35:47','2023-02-13 15:35:47'),(105,8,1,'delete',NULL,1,'2023-02-13 15:35:47','2023-02-13 15:35:47'),(106,8,2,'create',NULL,1,'2023-02-13 15:35:47','2023-02-13 15:35:47'),(107,8,2,'edit',NULL,1,'2023-02-13 15:35:47','2023-02-13 15:35:47'),(108,8,2,'delete',NULL,1,'2023-02-13 15:35:47','2023-02-13 15:35:47'),(109,8,3,'create',NULL,1,'2023-02-13 15:35:47','2023-02-13 15:35:47'),(110,8,3,'edit',NULL,1,'2023-02-13 15:35:47','2023-02-13 15:35:47'),(111,8,3,'delete',NULL,1,'2023-02-13 15:35:47','2023-02-13 15:35:47'),(112,8,4,'create',NULL,1,'2023-02-13 15:35:47','2023-02-13 15:35:47'),(113,8,4,'edit',NULL,1,'2023-02-13 15:35:47','2023-02-13 15:35:47'),(114,8,4,'delete',NULL,1,'2023-02-13 15:35:47','2023-02-13 15:35:47'),(115,10,5,'create',NULL,1,'2023-02-13 15:35:47','2023-02-13 15:35:47'),(116,10,5,'edit',NULL,1,'2023-02-13 15:35:47','2023-02-13 15:35:47'),(117,10,5,'delete',NULL,1,'2023-02-13 15:35:47','2023-02-13 15:35:47'),(118,10,6,'create',NULL,1,'2023-02-13 15:35:47','2023-02-13 15:35:47'),(119,10,6,'edit',NULL,1,'2023-02-13 15:35:47','2023-02-13 15:35:47'),(120,10,6,'delete',NULL,1,'2023-02-13 15:35:47','2023-02-13 15:35:47'),(121,8,7,'create',NULL,1,'2023-02-13 15:35:47','2023-02-13 15:35:47'),(122,8,7,'edit',NULL,1,'2023-02-13 15:35:47','2023-02-13 15:35:47'),(123,8,7,'delete',NULL,1,'2023-02-13 15:35:47','2023-02-13 15:35:47'),(124,8,98,'create',NULL,1,'2023-02-13 15:35:47','2023-02-13 15:35:47'),(125,8,98,'edit',NULL,1,'2023-02-13 15:35:47','2023-02-13 15:35:47'),(126,8,98,'delete',NULL,1,'2023-02-13 15:35:47','2023-02-13 15:35:47');

/*Table structure for table `password_resets` */

DROP TABLE IF EXISTS `password_resets`;

CREATE TABLE `password_resets` (
  `email` varchar(255) COLLATE utf8mb4_unicode_ci NOT NULL,
  `token` varchar(255) COLLATE utf8mb4_unicode_ci NOT NULL,
  `created_at` timestamp NULL DEFAULT NULL,
  KEY `password_resets_email_index` (`email`(191))
) ENGINE=InnoDB DEFAULT CHARSET=utf8mb4 COLLATE=utf8mb4_unicode_ci;

/*Data for the table `password_resets` */

/*Table structure for table `personal_access_tokens` */

DROP TABLE IF EXISTS `personal_access_tokens`;

CREATE TABLE `personal_access_tokens` (
  `id` bigint(20) unsigned NOT NULL AUTO_INCREMENT,
  `tokenable_type` varchar(255) COLLATE utf8mb4_unicode_ci NOT NULL,
  `tokenable_id` bigint(20) unsigned NOT NULL,
  `name` varchar(255) COLLATE utf8mb4_unicode_ci NOT NULL,
  `token` varchar(64) COLLATE utf8mb4_unicode_ci NOT NULL,
  `abilities` text COLLATE utf8mb4_unicode_ci,
  `last_used_at` timestamp NULL DEFAULT NULL,
  `created_at` timestamp NULL DEFAULT NULL,
  `updated_at` timestamp NULL DEFAULT NULL,
  PRIMARY KEY (`id`),
  UNIQUE KEY `personal_access_tokens_token_unique` (`token`),
  KEY `personal_access_tokens_tokenable_type_tokenable_id_index` (`tokenable_type`,`tokenable_id`)
) ENGINE=InnoDB AUTO_INCREMENT=7 DEFAULT CHARSET=utf8mb4 COLLATE=utf8mb4_unicode_ci;

/*Data for the table `personal_access_tokens` */

insert  into `personal_access_tokens`(`id`,`tokenable_type`,`tokenable_id`,`name`,`token`,`abilities`,`last_used_at`,`created_at`,`updated_at`) values (6,'App\\Models\\User',5218,'crm','3a096bdc710b5c19df061905d2fc71f294a8e3a2a5ca408e1a44253c7e4e0943','[\"*\"]','2023-02-13 17:01:13','2023-02-13 15:53:15','2023-02-13 17:01:13');

/*Table structure for table `roles` */

DROP TABLE IF EXISTS `roles`;

CREATE TABLE `roles` (
  `id` bigint(20) unsigned NOT NULL AUTO_INCREMENT,
  `name` varchar(255) COLLATE utf8mb4_unicode_ci NOT NULL,
  `is_main` int(1) DEFAULT '0',
  `sub_roles` text COLLATE utf8mb4_unicode_ci,
  `permissions` text COLLATE utf8mb4_unicode_ci,
  `desc` text COLLATE utf8mb4_unicode_ci,
  `status` int(11) NOT NULL DEFAULT '1',
  `created_at` timestamp NULL DEFAULT NULL,
  `updated_at` timestamp NULL DEFAULT NULL,
  PRIMARY KEY (`id`)
) ENGINE=InnoDB AUTO_INCREMENT=8 DEFAULT CHARSET=utf8mb4 COLLATE=utf8mb4_unicode_ci;

/*Data for the table `roles` */

insert  into `roles`(`id`,`name`,`is_main`,`sub_roles`,`permissions`,`desc`,`status`,`created_at`,`updated_at`) values (1,'Super Admin',1,'[\"2\",\"3\",\"4\",\"5\",\"6\",\"7\"]','{\"modules\":[\"17\",\"6\",\"18\"],\"menu\":[\"44\",\"8\",\"10\",\"55\",\"60\"],\"submenu\":[\"1\",\"2\",\"3\",\"4\",\"7\",\"98\",\"5\",\"6\"],\"options\":[\"94\",\"95\",\"96\",\"103\",\"104\",\"105\",\"106\",\"107\",\"108\",\"109\",\"110\",\"111\",\"112\",\"113\",\"114\",\"121\",\"122\",\"123\",\"124\",\"125\",\"126\",\"115\",\"116\",\"117\",\"118\",\"119\",\"120\",\"97\",\"98\",\"99\",\"100\",\"101\",\"102\"]}',NULL,1,'2020-05-14 19:53:31','2023-02-13 15:36:55'),(2,'Admin',0,'[\"3\",\"4\",\"5\",\"6\",\"7\"]','{\"modules\":[\"17\",\"6\",\"18\"],\"menu\":[\"44\",\"55\",\"60\"],\"submenu\":null,\"options\":[\"94\",\"95\",\"96\",\"97\",\"98\",\"99\",\"100\",\"101\",\"102\"]}',NULL,1,'2020-05-14 19:53:31','2023-02-13 15:37:22'),(3,'User',0,'[]','{\"modules\":[\"17\"],\"menu\":[\"44\"],\"submenu\":null,\"options\":[\"94\",\"95\",\"96\"]}',NULL,1,'2021-01-15 22:28:00','2023-02-13 18:37:21');

/*Table structure for table `submenu` */

DROP TABLE IF EXISTS `submenu`;

CREATE TABLE `submenu` (
  `id` bigint(20) unsigned NOT NULL AUTO_INCREMENT,
  `menu_id` bigint(20) unsigned NOT NULL,
  `name` varchar(255) COLLATE utf8mb4_unicode_ci NOT NULL,
  `route` text COLLATE utf8mb4_unicode_ci NOT NULL,
  `icon` text COLLATE utf8mb4_unicode_ci,
  `desc` text COLLATE utf8mb4_unicode_ci,
  `serial` int(11) DEFAULT NULL,
  `status` int(11) NOT NULL DEFAULT '1',
  `created_at` timestamp NULL DEFAULT NULL,
  `updated_at` timestamp NULL DEFAULT NULL,
  PRIMARY KEY (`id`),
  KEY `submenu_menu_id_foreign` (`menu_id`),
  CONSTRAINT `submenu_menu_id_foreign` FOREIGN KEY (`menu_id`) REFERENCES `menu` (`id`) ON UPDATE CASCADE
) ENGINE=InnoDB AUTO_INCREMENT=120 DEFAULT CHARSET=utf8mb4 COLLATE=utf8mb4_unicode_ci;

/*Data for the table `submenu` */

insert  into `submenu`(`id`,`menu_id`,`name`,`route`,`icon`,`desc`,`serial`,`status`,`created_at`,`updated_at`) values (1,8,'Modules','modules','fa fa-tasks',NULL,1,1,'2020-05-15 13:46:36','2020-05-15 13:46:36'),(2,8,'Menu','menu','fa fa-tasks',NULL,2,1,'2020-05-15 13:47:39','2020-05-15 13:47:39'),(3,8,'Submenu','submenu','fa fa-tasks',NULL,3,1,'2020-05-15 13:47:52','2020-05-15 13:47:52'),(4,8,'Options','options','fa fa-tasks',NULL,4,1,'2020-05-15 17:12:39','2020-05-15 17:12:39'),(5,10,'Roles','roles','fab fa-accessible-icon',NULL,1,1,'2020-05-15 17:40:50','2020-05-15 17:40:50'),(6,10,'Role Permissions','role-permissions','fab fa-angellist',NULL,0,1,'2020-05-15 17:42:12','2020-05-15 17:42:12'),(7,8,'Freelinks','freelinks','fas fa-external-link-alt',NULL,5,1,'2020-05-17 16:10:28','2020-05-17 16:13:18'),(98,8,'System Information','system-information','fas fa-cogs',NULL,0,1,'2020-09-08 13:14:51','2020-09-08 13:15:10');

/*Table structure for table `system_information` */

DROP TABLE IF EXISTS `system_information`;

CREATE TABLE `system_information` (
  `id` bigint(20) unsigned NOT NULL AUTO_INCREMENT,
  `name` text COLLATE utf8mb4_unicode_ci NOT NULL,
  `phone` text COLLATE utf8mb4_unicode_ci NOT NULL,
  `mobile` text COLLATE utf8mb4_unicode_ci,
  `address` text COLLATE utf8mb4_unicode_ci,
  `email` text COLLATE utf8mb4_unicode_ci NOT NULL,
  `twitter` text COLLATE utf8mb4_unicode_ci NOT NULL,
  `facebook` text COLLATE utf8mb4_unicode_ci NOT NULL,
  `instagram` text COLLATE utf8mb4_unicode_ci NOT NULL,
  `skype` text COLLATE utf8mb4_unicode_ci NOT NULL,
  `linked_in` text COLLATE utf8mb4_unicode_ci NOT NULL,
  `logo` text COLLATE utf8mb4_unicode_ci NOT NULL,
  `icon` text COLLATE utf8mb4_unicode_ci NOT NULL,
  `report_file` text COLLATE utf8mb4_unicode_ci,
  `report_file_info` text COLLATE utf8mb4_unicode_ci,
  `status` int(11) NOT NULL DEFAULT '1',
  `created_at` timestamp NULL DEFAULT NULL,
  `updated_at` timestamp NULL DEFAULT NULL,
  PRIMARY KEY (`id`)
) ENGINE=InnoDB AUTO_INCREMENT=2 DEFAULT CHARSET=utf8mb4 COLLATE=utf8mb4_unicode_ci;

/*Data for the table `system_information` */

insert  into `system_information`(`id`,`name`,`phone`,`mobile`,`address`,`email`,`twitter`,`facebook`,`instagram`,`skype`,`linked_in`,`logo`,`icon`,`report_file`,`report_file_info`,`status`,`created_at`,`updated_at`) values (1,'CRM','+8801000000000','+8801000000000','Dhaka','crm@gmail.com','https://twitter.com/','https://www.facebook.com/','https://www.instagram.com/','https://www.skype.com','https://www.linkedin.com/','1-20230213153421-82318203-1439072628.png','1-20230213153430-554239790-1406269981.png','20210120171951-1142582553-1875780514.xls','{\"name\":\"Compelet+Incompelet.xlsx.xls\",\"type\":\"application\\/vnd.ms-excel\",\"size\":191488,\"width\":null,\"height\":null,\"extension\":\"xls\"}',1,NULL,'2023-02-13 18:34:50');

/*Table structure for table `users` */

DROP TABLE IF EXISTS `users`;

CREATE TABLE `users` (
  `id` bigint(20) unsigned NOT NULL AUTO_INCREMENT,
  `name` varchar(191) COLLATE utf8mb4_unicode_ci DEFAULT NULL,
  `phone` varchar(191) COLLATE utf8mb4_unicode_ci DEFAULT NULL,
  `email` varchar(191) COLLATE utf8mb4_unicode_ci DEFAULT NULL,
  `username` varchar(191) COLLATE utf8mb4_unicode_ci NOT NULL,
  `password` varchar(191) COLLATE utf8mb4_unicode_ci NOT NULL,
  `role_id` bigint(20) unsigned NOT NULL,
  `is_developer` int(1) DEFAULT '0',
  `sound` int(1) DEFAULT '1',
  `gender` int(1) DEFAULT '1',
  `admin` bigint(20) NOT NULL DEFAULT '0',
  `image` text COLLATE utf8mb4_unicode_ci,
  `added_by` int(11) DEFAULT NULL,
  `office_id` bigint(20) DEFAULT '0',
  `status` int(11) NOT NULL DEFAULT '1',
  `remember_token` varchar(100) COLLATE utf8mb4_unicode_ci DEFAULT NULL,
  `created_at` timestamp NULL DEFAULT NULL,
  `updated_at` timestamp NULL DEFAULT NULL,
  PRIMARY KEY (`id`),
  UNIQUE KEY `users_username_unique` (`username`),
  KEY `users_role_id_foreign` (`role_id`),
  CONSTRAINT `users_role_id_foreign` FOREIGN KEY (`role_id`) REFERENCES `roles` (`id`) ON UPDATE CASCADE
) ENGINE=InnoDB AUTO_INCREMENT=5221 DEFAULT CHARSET=utf8mb4 COLLATE=utf8mb4_unicode_ci;

/*Data for the table `users` */

insert  into `users`(`id`,`name`,`phone`,`email`,`username`,`password`,`role_id`,`is_developer`,`sound`,`gender`,`admin`,`image`,`added_by`,`office_id`,`status`,`remember_token`,`created_at`,`updated_at`) values (1,'Roopokar',NULL,'sales@roopokar.com','roopokar','$2a$12$uT.V4OtVHKc0AEWKCPFyMuswquDksWnqgPztTFzjSO34ZA0pUsTKW',1,1,0,1,1,'1-20210307172036-2111844845-591902592.png',NULL,0,1,NULL,NULL,'2021-03-07 17:39:41'),(5218,'Freelance',NULL,'anwarullah834@gmail.com','anwarullah834@gmail.com','$2y$10$KYWglfeFUKoL8K95J4x95.luJ53xNOKrG4aF4SA6CQPbPP.z9ppji',3,0,1,1,0,NULL,NULL,0,1,NULL,'2023-02-13 15:52:18','2023-02-13 15:52:18'),(5219,'Admin',NULL,'admin@roopokar.com','admin@roopokar.com','$2y$10$ARE23LfDJfm5uVyW7n0p6uBWtYcTtUqbQEBVHZq31zr0lcgmw9PIi',2,0,1,1,1,NULL,1,0,1,NULL,'2023-02-13 18:31:43','2023-02-13 18:31:43'),(5220,'User',NULL,'user@roopokar.com','user@roopokar.com','$2y$10$UQAvGT0xbngshl7OpfWIcOGZuiudOUQP9CIM7x6cev0x/mdOxWO.e',3,0,1,1,0,NULL,1,0,1,NULL,'2023-02-13 18:32:14','2023-02-13 18:32:14');

/*!40101 SET SQL_MODE=@OLD_SQL_MODE */;
/*!40014 SET FOREIGN_KEY_CHECKS=@OLD_FOREIGN_KEY_CHECKS */;
/*!40014 SET UNIQUE_CHECKS=@OLD_UNIQUE_CHECKS */;
/*!40111 SET SQL_NOTES=@OLD_SQL_NOTES */;
