/*
SQLyog Ultimate v11.11 (64 bit)
MySQL - 5.7.33 : Database - search_engine
*********************************************************************
*/

/*!40101 SET NAMES utf8 */;

/*!40101 SET SQL_MODE=''*/;

/*!40014 SET @OLD_UNIQUE_CHECKS=@@UNIQUE_CHECKS, UNIQUE_CHECKS=0 */;
/*!40014 SET @OLD_FOREIGN_KEY_CHECKS=@@FOREIGN_KEY_CHECKS, FOREIGN_KEY_CHECKS=0 */;
/*!40101 SET @OLD_SQL_MODE=@@SQL_MODE, SQL_MODE='NO_AUTO_VALUE_ON_ZERO' */;
/*!40111 SET @OLD_SQL_NOTES=@@SQL_NOTES, SQL_NOTES=0 */;
/*Table structure for table `data_models` */

DROP TABLE IF EXISTS `data_models`;

CREATE TABLE `data_models` (
  `id` bigint(20) unsigned NOT NULL AUTO_INCREMENT,
  `title` text COLLATE utf8mb4_unicode_ci NOT NULL,
  `fine_points` longtext COLLATE utf8mb4_unicode_ci NOT NULL,
  `content` longtext COLLATE utf8mb4_unicode_ci,
  `status` int(11) NOT NULL DEFAULT '1',
  `created_at` timestamp NULL DEFAULT NULL,
  `updated_at` timestamp NULL DEFAULT NULL,
  PRIMARY KEY (`id`)
) ENGINE=InnoDB AUTO_INCREMENT=13 DEFAULT CHARSET=utf8mb4 COLLATE=utf8mb4_unicode_ci;

/*Data for the table `data_models` */

insert  into `data_models`(`id`,`title`,`fine_points`,`content`,`status`,`created_at`,`updated_at`) values (5,'সিদ্দিকবাজারে বিস্ফোরণ :: ভবনটির ধসে পড়া ঠেকাতে কাজ চলছে','রাজধানীর গুলিস্তানের সিদ্দিকবাজারে বিস্ফোরণে ক্ষতিগ্রস্ত ভবনটির ধসে পড়া ঠেকাতে কাজ শুরু হয়েছে গতকাল বৃহস্পতিবার রাত থেকে। আজ শুক্রবার সকালে ভবনের ক্ষতিগ্রস্ত কলামে স্টিলের পাইপ দিয়ে অস্থায়ী সাপোর্ট (দাঁড় করিয়ে রাখার ব্যবস্থা) দেওয়া হয়েছে। ভবনটির সামনের অংশের ক্ষতিগ্রস্ত কলামগুলোর পাশে ওই পাইপগুলো স্থাপন করা হয়েছে।','<p>একেকটি পাইপের আয়তন ৬ ইঞ্চি। আর লম্বায় ২০ ফুট। প্রয়োজন অনুযায়ী কেটে পাইপ বসানো হয়েছে। পাইপগুলোকে মাইল্ড স্টিল বা এমএস পাইপ বলে।</p>\r\n\r\n<p>রাজউকের কর্মকর্তারা বলেন, &lsquo;ক্ষতিগ্রস্ত ভবনের ভেতরের দিকের কলামেও ঠিকা দেওয়া হবে। তবে ভেতরে গিয়ে কাজ করার অনুমতি এখনো মেলেনি। তাই আপাতত বাইরের দিকের কলামে শুধু সাপোর্ট দেওয়ার কাজটি করা হয়েছে।&rsquo;</p>\r\n\r\n<p>এর আগে গতকাল সন্ধ্যার দিকে ওই পাইপগুলো ঘটনাস্থলে নেওয়া হয়। রাত সাড়ে ৯টার দিকে পাইপ বসানোর কাজ শুরু করেন রাজউকের কর্মীরা। সারা রাত পাইপ বসানোর কাজ করা হয়।</p>',1,'2023-03-10 05:47:14','2023-03-10 05:47:14'),(6,'৩৩ বছর আগে ব্যাংকের অর্থ ডাকাতির যে ঘটনা দেশজুড়ে আলোড়ন তুলেছিল','বেসরকারি ডাচ্-বাংলা ব্যাংকের গাড়ি থেকে সোয়া ১১ কোটি টাকা ছিনিয়ে নিয়েছে ডাকাতেরা। উত্তরায় প্রকাশ্যে ডাকাতি হলো গতকাল বৃহস্পতিবার। তবে এখন আর কোনো ব্যাংক সরাসরি টাকা পরিবহন করে না। দেশে এখন অনেক নিরাপত্তা দেওয়ার প্রতিষ্ঠান গড়ে উঠেছে। মানি প্ল্যান্ট নামের এ রকম এক প্রতিষ্ঠানের কাছ থেকেই এই ডাকাতি হয়েছে। মিরপুর ডিওএইচএস থেকে গাড়িতে করে টাকা নিয়ে সাভারের ইপিজেডে ডাচ্-বাংলা ব্যাংকের বুথে নিয়ে যাচ্ছিল মাইক্রোবাসটি।','<p>ঘটনাটি চাঞ্চল্যকর। তবে এভাবে ব্যাংকের অর্থ ডাকাতির ঘটনা নতুন নয়। দেশে প্রায় একই রকম চাঞ্চল্যকর ঘটনা প্রথম ঘটেছিল ১৯৯০ সালের ৫ মার্চ, রাজধানীর ব্যস্ততম এলাকা মতিঝিলে। সেই ঘটনা দেশজুড়ে তীব্র আলোড়ন তুলেছিল। ওই দিন এভাবে টাকা বহন করার সময় তৎকালীন গ্রিন্ডলেজ ব্যাংকের (এখন স্ট্যান্ডার্ড চার্টার্ড ব্যাংকের সঙ্গে একীভূত) ৫০ লাখ টাকা ছিনতাই বা ডাকাতি হয়েছিল।</p>\r\n\r\n<p>ঘটনার পরের দিন দৈনিক ইত্তেফাকে তা তিন কলাম জুড়ে ছাপা হয়। শিরোনাম ছিল, &lsquo;কমান্ডো স্টাইলে ৫০ লাখ টাকা ছিনতাই&rsquo;। ঘটেছিল সকাল ১০টার দিকে মতিঝিলের অগ্রণী ও পূবালী ব্যাংকের প্রধান কার্যালয়ের ঠিক সামনে। পত্রিকার সংবাদ অনুযায়ী, ব্যাংকটির চিফ ক্যাশিয়ার ও একজন পিয়ন বাংলাদেশ ব্যাংক থেকে টাকা তুলে দিলকুশায় গ্রিন্ডলেজ ব্যাংকের কার্যালয়ে মাইক্রোবাসে করে নিয়ে যাচ্ছিল। পূবালী ব্যাংকের সামনে আসতেই দুর্বৃত্তরা দুটি বোমার বিস্ফোরণ ঘটায়। এতে রাস্তা ফাঁকা হলে কাটা রাইফেলের ভয় দেখিয়ে ব্যাংকের কর্মচারী ও চালককে নামিয়ে মাইক্রোবাস নিয়ে পালিয়ে যায়। টাকাটা ছিল একটা স্টিলের ট্রাংকে।</p>\r\n\r\n<p>সেই ডাকাতের দল ধরা পড়েছিল ৩৬ ঘণ্টার মধ্যেই। শেষ পর্যন্ত উদ্ধারও করা হয় প্রায় সব টাকা। সেই অর্থ উদ্ধারের কাহিনিও ছিল যথেষ্ট নাটকীয়। তখন পুলিশের গোয়েন্দা বিভাগের (ডিবি) উপ&ndash;পুলিশ কমিশনার (ডিসি) ছিলেন সফিক উল্লাহ। তার নেতৃত্বেই ডাকাত দল ধরা হয়েছিল। তিনি পুলিশ জীবনের অভিজ্ঞতা নিয়ে একটি বই লিখেছেন। &lsquo;এক পুলিশের ডায়েরি&rsquo; নামের বইটি প্রকাশিত হয় ২০১৬ সালে। বইটিতে ৫০ লাখ টাকা উদ্ধারের ঘটনা বিস্তারিত লিখেছেন।</p>',1,'2023-03-10 05:47:36','2023-03-10 05:47:36'),(7,'বাংলাদেশকে সব কন্ডিশনের ভালো দল বানাতে চান সাকিব','উইকেট নিয়ে ভাবতে চান না সাকিব। চান না কন্ডিশন নিয়ে চিন্তা করতে। সাকিব আল হাসান চান, বাংলাদেশ যেন একটা ভালো দল হয়ে ওঠে। কাল চট্টগ্রামে ইংল্যান্ডের বিপক্ষে টি–টোয়েন্টি সিরিজের প্রথম ম্যাচে দুর্দান্ত জয়ের পর চট্টগ্রাম শহরের জিইসি মোড়ে একটি শোরুম উদ্বোধন করতে গিয়ে এ কথা বলেছেন বাংলাদেশের টি–টোয়েন্টি অধিনায়ক।','<p>টি&ndash;টোয়েন্টির বিশ্ব চ্যাম্পিয়নদের বিপক্ষে ৪ উইকেটে জয়ের অন্যতম রূপকার সাকিব। বল হাতে ২৬ রানে ১ উইকেট নেওয়ার পর ব্যাট হাতে ২৪ বলে ৩৪ রান করে দলকে নিয়ে গেছেন জয়ের বন্দরে। ম্যাচ শেষ করে অন্যান্য আনুষ্ঠানিকতা সেরেই তাঁকে ছুটতে হয়েছে বাণিজ্যিক দায়িত্ব পালনে। শোরুম উদ্বোধনের পর তিনি বাংলাদেশকে একটি ভালো দলে পরিণত করার প্রত্যয়ের কথাই জানিয়েছেন, &lsquo;আমরা উইকেট নিয়ে ভাবতে চাই না, কন্ডিশন নিয়ে চিন্তা করতে চাই না। আমরা একটা ভালো দল হয়ে উঠতে চাই। আমরা যেকোনো কন্ডিশনের সঙ্গে মানিয়ে নিতে চাই। ভালো দলগুলো এটাই করে।&rsquo;</p>\r\n\r\n<p>প্রথম ম্যাচ জয়ের পর এখন নিশ্চয়ই সাকিবের চোখ সিরিজ জেতার দিকে। ওয়ানডে সিরিজে ২&ndash;১ ব্যবধানে হেরেছে বাংলাদেশ। টি&ndash;টোয়েন্টি সিরিজে প্রথম ম্যাচটা দারুণভাবে জেতার পরও অবশ্য বিশ্ব চ্যাম্পিয়নদের প্রতি শ্রদ্ধা বাংলাদেশ অধিনায়কের, &lsquo;ইংল্যান্ড অনেক ভালো দল। আমাদের ভালো খেলতে হবে। প্রথম ম্যাচটা ভালো করেছি, চেষ্টা করব পরের ম্যাচগুলো ভালো খেলতে।&rsquo;</p>',1,'2023-03-10 05:48:20','2023-03-10 05:48:20'),(8,'ভারতে স্নাতকোত্তরে সর্বোচ্চ সিজিপিএ অর্জন করে স্বর্ণপদক পেলেন আফগান ছাত্রী','পড়ালেখায় অসামান্য কৃতিত্বের জন্য পুরস্কার গ্রহণে মঞ্চে ওঠেন রাজিয়া মুরাদি। পুরস্কার গ্রহণের সময় আনন্দের পাশাপাশি দুঃখও অনুভব করেছিলেন তিনি।','<p>২৭ বছর বয়সী আফগান ছাত্রী মুরাদি দুই বছর ধরে ভারতে পড়াশোনা করছেন। তিনি সম্প্রতি খবরের শিরোনাম হয়েছেন।</p>\r\n\r\n<p>ভারতের বীর নর্মদ দক্ষিণ গুজরাট বিশ্ববিদ্যালয়ের (ভিএনএসজিইউ) লোকপ্রশাসন বিভাগের স্নাতকোত্তর পরীক্ষায় অসাধারণ ফলাফলের জন্য স্বর্ণপদক পেয়েছেন মুরাদি।</p>\r\n\r\n<p>গত সোমবার মুরাদির হাতে স্বর্ণপদক তুলে দেন গুজরাটের গভর্নর আচার্য দেবব্রত। তবে এই অনুষ্ঠানে মুরাদির পরিবারের কেউ উপস্থিত ছিলেন না।</p>\r\n\r\n<p>পদক পাওয়ার সময়ের অনুভূতি সম্পর্কে বলতে গিয়ে মুরাদি বলেন, &lsquo;এটি ছিল একটি অম্লমধুর মুহূর্ত। আমি খুব খুশি হয়েছিলাম, এ কারণে যে আমার কঠোর পরিশ্রমের ফল মিলেছে। আবার আমি আমার পরিবারের সদস্যদের অনুপস্থিতির বিষয়টিও খুব করে অনুভব করছিলাম।&rsquo;</p>\r\n\r\n<p>মুরাদি আরও বলেন, &lsquo;আমি আফগানিস্তানের সব মেয়ে ও নারীদের কথাও ভাবছিলাম, যাঁরা তাঁদের পড়াশোনাসহ চাকরির অধিকার থেকে বঞ্চিত।&rsquo;</p>',1,'2023-03-10 05:48:44','2023-03-10 05:48:44'),(9,'Gulistan blast :: Writing was on the wall','The loss of at least 22 lives in Tuesday\'s explosion at Siddikbazar in Gulistan area is the result of sheer greed and negligence of the owners of the building and the shop in its basement, found primary investigation of the police.','<p>But the building owners, without complying with the building code, rented it out to a trader who enclosed the entire 1,800-square-foot basement with glass, leaving no space for air passage, said police.</p>\r\n\r\n<p>The proprietor of the shop named &quot;Bangladesh Sanitary&quot; had installed two heavy-duty ACs but those were not serviced since 2010, said DMP&#39;s Additional Commissioner Harun Or Rashid.</p>\r\n\r\n<p>&quot;It was the responsibility of the building owners to use the basement for car parking. There was no air ventilation system there and those who rented the basement never raised any questions,&quot; he said at a press briefing at DMP Media Centre yesterday.</p>\r\n\r\n<p>&quot;Their negligence caused so many deaths and injuries. So, the building owners and the shop owner cannot avoid responsibility.&quot;</p>\r\n\r\n<p>The additional commissioner at the briefing disclosed the arrest of two building owners, Wahidur Rahman, 46, and his brother Matiur Rahman, 36, and proprietor of Bangladesh Sanitary Abdul Motaleb Mintu.</p>',1,'2023-03-10 05:49:40','2023-03-10 05:49:40'),(10,'ACI to expand footprint in marine engine market','ACI Limited, one of the biggest conglomerates in Bangladesh, is set to expand its footprint in the country\'s marine engine business segment in order to capture a piece of a market that is growing 12 per cent annually.','<p>According to ACI, the marine engine market was around $24 million in 2019-20 and it doubled to $52.2 million in the following financial year as demand from operators rose. The number of ocean- and river-going ships is also going up.</p>\r\n\r\n<p>Subrata Ranjan Das, executive director of ACI Motors, said roughly 10,000 inland and coastal ships operating in Bangladesh carry 90 per cent of the total oil products, 70 per cent cargoes and 35 per cent of passengers.</p>\r\n\r\n<p>Bangladesh requires 586 units of vessels every year and another 350 lighter ships would be required by Payra seaport once it opens, according to an assessment of ACI.</p>',1,'2023-03-10 05:50:03','2023-03-10 05:50:03'),(11,'Nat’l grid gets power from Adani on trial basis','Electricity supply from the controversial Adani power plant in Godda, Jharkhand began on a trial basis yesterday.\r\n\r\n\"We are getting 50 megawatts of electricity since 7:38 pm,\" ABM Badruddoza Khan, spokesman for Power Grid Company of Bangladesh, told The Daily Star.','<p>The electricity was generated at a 1,600-megawatt ultra-supercritical power plant located on 425 hectares of land in an Indian village about 100 kilometres from the Bangladesh border and delivered through a dedicated transmission line.</p>\r\n\r\n<p>Now the power plant will supply electricity to the national grid until commercial operation starts, Khan said, adding that the supply will gradually increase as per demand.</p>\r\n\r\n<p>The plant was supposed to start commercial operation by December 16 last year but was later shifted to March 26 this year.</p>\r\n\r\n<p>As per the power purchase agreement signed on November 5, 2017, with Adani Power, the Bangladesh Power Development Board will purchase at least 34 percent of the power generated by the plant over a 25-year period.</p>',1,'2023-03-10 05:50:23','2023-03-10 05:50:23'),(12,'Column by Mahfuz Anam: Rewarding thuggery, punishing talent','Many factors that impact us as a country are not in our control – the climate crisis, pandemics, geopolitics, globalisation, energy crisis, international terms of trade, the Ukraine war, etc. But some are, like enabling our students to be among the best learners, if not in the world, then at least in the region. So when we fail to do that, and knowingly continue to do the very opposite of it, we are forced to ask: are we not destroying the future of our students and, in the process, jeopardising that of our country?','<p>But we must also ask: what has become of the student activism that we were once so proud of? Do issues like justice, democracy, freedom, and rights of others hold any meaning for our present day students? How conscious are they of the complexity of modern life and its challenges? How aware are they of the existential threat that humanity faces today &ndash; namely climate change? Do they know that their beloved motherland is at the forefront of that crisis and is likely to be one of its worst victims? Do they think that attacking opponents to sort out differences is the only way to go? Do they attach any value to having dialogues with those with whom they disagree? Why is violence their first choice? What values, ideals, dreams are they receiving from their education? What is the role of educational institutions in genuinely guiding these young lives to prepare better for the future?</p>',1,'2023-03-10 05:50:39','2023-03-10 05:50:56');

/*Table structure for table `failed_jobs` */

DROP TABLE IF EXISTS `failed_jobs`;

CREATE TABLE `failed_jobs` (
  `id` bigint(20) unsigned NOT NULL AUTO_INCREMENT,
  `connection` text COLLATE utf8mb4_unicode_ci NOT NULL,
  `queue` text COLLATE utf8mb4_unicode_ci NOT NULL,
  `payload` longtext COLLATE utf8mb4_unicode_ci NOT NULL,
  `exception` longtext COLLATE utf8mb4_unicode_ci NOT NULL,
  `failed_at` timestamp NOT NULL DEFAULT CURRENT_TIMESTAMP,
  PRIMARY KEY (`id`)
) ENGINE=InnoDB DEFAULT CHARSET=utf8mb4 COLLATE=utf8mb4_unicode_ci;

/*Data for the table `failed_jobs` */

/*Table structure for table `freelinks` */

DROP TABLE IF EXISTS `freelinks`;

CREATE TABLE `freelinks` (
  `id` bigint(20) unsigned NOT NULL AUTO_INCREMENT,
  `name` varchar(255) COLLATE utf8mb4_unicode_ci NOT NULL,
  `route` varchar(255) COLLATE utf8mb4_unicode_ci NOT NULL,
  `desc` text COLLATE utf8mb4_unicode_ci,
  `status` int(11) NOT NULL DEFAULT '1',
  `created_at` timestamp NULL DEFAULT NULL,
  `updated_at` timestamp NULL DEFAULT NULL,
  PRIMARY KEY (`id`)
) ENGINE=InnoDB AUTO_INCREMENT=12 DEFAULT CHARSET=utf8mb4 COLLATE=utf8mb4_unicode_ci;

/*Data for the table `freelinks` */

insert  into `freelinks`(`id`,`name`,`route`,`desc`,`status`,`created_at`,`updated_at`) values (1,'Home Page','/',NULL,1,'2020-05-17 16:11:46','2020-12-25 14:08:45'),(2,'Dashboard','dashboard',NULL,1,'2020-05-17 16:11:57','2020-05-17 16:11:57'),(3,'Login','login',NULL,1,'2020-05-17 16:12:29','2020-05-17 16:12:29'),(4,'Logout','logout',NULL,1,'2020-05-21 11:02:07','2020-05-21 11:02:07'),(5,'Change Password','setups/change-password',NULL,1,'2020-05-23 07:35:50','2020-08-28 11:14:11'),(6,'Side Bar','side-bar',NULL,1,'2020-05-27 11:02:01','2020-05-27 11:02:01'),(9,'My Image','setups/my-image',NULL,1,'2020-08-28 11:14:30','2020-08-28 11:14:30'),(10,'My Preferences','setups/my-preferences',NULL,1,'2020-08-29 15:47:58','2020-08-29 15:48:08'),(11,'Toggle Status','dashboard/toggle-status',NULL,1,'2020-08-30 13:17:21','2020-12-25 14:07:36');

/*Table structure for table `menu` */

DROP TABLE IF EXISTS `menu`;

CREATE TABLE `menu` (
  `id` bigint(20) unsigned NOT NULL AUTO_INCREMENT,
  `module_id` bigint(20) unsigned NOT NULL,
  `name` varchar(255) COLLATE utf8mb4_unicode_ci NOT NULL,
  `route` text COLLATE utf8mb4_unicode_ci NOT NULL,
  `icon` text COLLATE utf8mb4_unicode_ci,
  `desc` text COLLATE utf8mb4_unicode_ci,
  `serial` int(11) DEFAULT NULL,
  `status` int(11) NOT NULL DEFAULT '1',
  `created_at` timestamp NULL DEFAULT NULL,
  `updated_at` timestamp NULL DEFAULT NULL,
  PRIMARY KEY (`id`),
  KEY `menu_module_id_foreign` (`module_id`),
  CONSTRAINT `menu_module_id_foreign` FOREIGN KEY (`module_id`) REFERENCES `modules` (`id`) ON UPDATE CASCADE
) ENGINE=InnoDB AUTO_INCREMENT=59 DEFAULT CHARSET=utf8mb4 COLLATE=utf8mb4_unicode_ci;

/*Data for the table `menu` */

insert  into `menu`(`id`,`module_id`,`name`,`route`,`icon`,`desc`,`serial`,`status`,`created_at`,`updated_at`) values (8,6,'System Settings','#','fas fa-chart-pie',NULL,0,1,'2020-05-15 13:45:58','2020-05-15 13:45:58'),(10,6,'Role Management','#','fab fa-pied-piper-alt',NULL,1,1,'2020-05-15 17:37:59','2020-08-28 10:12:48'),(44,17,'Dashboard','/','fa fa-home',NULL,1,1,'2020-08-25 13:25:46','2020-08-26 13:58:23'),(55,6,'Users','admins','fa fa-user-secret',NULL,2,1,'2020-08-28 10:13:15','2022-01-04 18:58:22'),(56,18,'Data Models','data-models','fas fa-database',NULL,1,1,'2023-03-10 04:28:57','2023-03-10 04:28:57'),(57,18,'Search Engine','search-engine','fa fa-search',NULL,2,1,'2023-03-10 04:29:22','2023-03-10 04:29:22'),(58,18,'Statistics','statistics','fas fa-chart-pie',NULL,3,1,'2023-03-10 04:30:16','2023-03-10 04:30:16');

/*Table structure for table `migrations` */

DROP TABLE IF EXISTS `migrations`;

CREATE TABLE `migrations` (
  `id` int(10) unsigned NOT NULL AUTO_INCREMENT,
  `migration` varchar(255) COLLATE utf8mb4_unicode_ci NOT NULL,
  `batch` int(11) NOT NULL,
  PRIMARY KEY (`id`)
) ENGINE=InnoDB AUTO_INCREMENT=240 DEFAULT CHARSET=utf8mb4 COLLATE=utf8mb4_unicode_ci;

/*Data for the table `migrations` */

insert  into `migrations`(`id`,`migration`,`batch`) values (234,'2023_02_13_155826_leads',1),(235,'2023_02_13_160601_lead_histories',1),(236,'2023_03_02_151211_add_comment_to_lead_history',2),(237,'2023_03_10_043735_data_models',3),(238,'2023_03_10_043804_searches',3),(239,'2023_03_10_044046_searche_details',3);

/*Table structure for table `modules` */

DROP TABLE IF EXISTS `modules`;

CREATE TABLE `modules` (
  `id` bigint(20) unsigned NOT NULL AUTO_INCREMENT,
  `name` varchar(255) COLLATE utf8mb4_unicode_ci NOT NULL,
  `route` text COLLATE utf8mb4_unicode_ci NOT NULL,
  `icon` text COLLATE utf8mb4_unicode_ci,
  `desc` text COLLATE utf8mb4_unicode_ci,
  `serial` int(11) DEFAULT NULL,
  `status` int(11) NOT NULL DEFAULT '1',
  `created_at` timestamp NULL DEFAULT NULL,
  `updated_at` timestamp NULL DEFAULT NULL,
  PRIMARY KEY (`id`)
) ENGINE=InnoDB AUTO_INCREMENT=19 DEFAULT CHARSET=utf8mb4 COLLATE=utf8mb4_unicode_ci;

/*Data for the table `modules` */

insert  into `modules`(`id`,`name`,`route`,`icon`,`desc`,`serial`,`status`,`created_at`,`updated_at`) values (6,'Setups','setups','fas fa-cogs',NULL,1,1,'2020-05-15 10:58:39','2020-08-25 14:13:26'),(17,'Dashboard','dashboard','fa fa-home',NULL,0,1,'2020-08-25 13:24:59','2020-08-26 13:58:50'),(18,'Search Engine','search-engine','fa fa-search',NULL,2,1,'2023-03-10 04:26:02','2023-03-10 04:26:02');

/*Table structure for table `options` */

DROP TABLE IF EXISTS `options`;

CREATE TABLE `options` (
  `id` bigint(20) unsigned NOT NULL AUTO_INCREMENT,
  `menu_id` bigint(20) unsigned NOT NULL,
  `submenu_id` bigint(20) unsigned NOT NULL,
  `name` varchar(255) COLLATE utf8mb4_unicode_ci NOT NULL,
  `desc` text COLLATE utf8mb4_unicode_ci,
  `status` int(11) NOT NULL DEFAULT '1',
  `created_at` timestamp NULL DEFAULT NULL,
  `updated_at` timestamp NULL DEFAULT NULL,
  PRIMARY KEY (`id`),
  KEY `options_menu_id_foreign` (`menu_id`),
  KEY `options_submenu_id_foreign` (`submenu_id`),
  CONSTRAINT `options_menu_id_foreign` FOREIGN KEY (`menu_id`) REFERENCES `menu` (`id`)
) ENGINE=InnoDB AUTO_INCREMENT=130 DEFAULT CHARSET=utf8mb4 COLLATE=utf8mb4_unicode_ci;

/*Data for the table `options` */

insert  into `options`(`id`,`menu_id`,`submenu_id`,`name`,`desc`,`status`,`created_at`,`updated_at`) values (94,44,0,'create',NULL,1,'2023-02-13 15:35:08','2023-02-13 15:35:08'),(95,44,0,'edit',NULL,1,'2023-02-13 15:35:08','2023-02-13 15:35:08'),(96,44,0,'delete',NULL,1,'2023-02-13 15:35:08','2023-02-13 15:35:08'),(97,55,0,'create',NULL,1,'2023-02-13 15:35:08','2023-02-13 15:35:08'),(98,55,0,'edit',NULL,1,'2023-02-13 15:35:08','2023-02-13 15:35:08'),(99,55,0,'delete',NULL,1,'2023-02-13 15:35:08','2023-02-13 15:35:08'),(103,8,1,'create',NULL,1,'2023-02-13 15:35:47','2023-02-13 15:35:47'),(104,8,1,'edit',NULL,1,'2023-02-13 15:35:47','2023-02-13 15:35:47'),(105,8,1,'delete',NULL,1,'2023-02-13 15:35:47','2023-02-13 15:35:47'),(106,8,2,'create',NULL,1,'2023-02-13 15:35:47','2023-02-13 15:35:47'),(107,8,2,'edit',NULL,1,'2023-02-13 15:35:47','2023-02-13 15:35:47'),(108,8,2,'delete',NULL,1,'2023-02-13 15:35:47','2023-02-13 15:35:47'),(109,8,3,'create',NULL,1,'2023-02-13 15:35:47','2023-02-13 15:35:47'),(110,8,3,'edit',NULL,1,'2023-02-13 15:35:47','2023-02-13 15:35:47'),(111,8,3,'delete',NULL,1,'2023-02-13 15:35:47','2023-02-13 15:35:47'),(112,8,4,'create',NULL,1,'2023-02-13 15:35:47','2023-02-13 15:35:47'),(113,8,4,'edit',NULL,1,'2023-02-13 15:35:47','2023-02-13 15:35:47'),(114,8,4,'delete',NULL,1,'2023-02-13 15:35:47','2023-02-13 15:35:47'),(115,10,5,'create',NULL,1,'2023-02-13 15:35:47','2023-02-13 15:35:47'),(116,10,5,'edit',NULL,1,'2023-02-13 15:35:47','2023-02-13 15:35:47'),(117,10,5,'delete',NULL,1,'2023-02-13 15:35:47','2023-02-13 15:35:47'),(118,10,6,'create',NULL,1,'2023-02-13 15:35:47','2023-02-13 15:35:47'),(119,10,6,'edit',NULL,1,'2023-02-13 15:35:47','2023-02-13 15:35:47'),(120,10,6,'delete',NULL,1,'2023-02-13 15:35:47','2023-02-13 15:35:47'),(121,8,7,'create',NULL,1,'2023-02-13 15:35:47','2023-02-13 15:35:47'),(122,8,7,'edit',NULL,1,'2023-02-13 15:35:47','2023-02-13 15:35:47'),(123,8,7,'delete',NULL,1,'2023-02-13 15:35:47','2023-02-13 15:35:47'),(124,8,98,'create',NULL,1,'2023-02-13 15:35:47','2023-02-13 15:35:47'),(125,8,98,'edit',NULL,1,'2023-02-13 15:35:47','2023-02-13 15:35:47'),(126,8,98,'delete',NULL,1,'2023-02-13 15:35:47','2023-02-13 15:35:47'),(127,56,0,'create',NULL,1,'2023-03-10 04:33:41','2023-03-10 04:34:08'),(128,56,0,'edit',NULL,1,'2023-03-10 04:34:19','2023-03-10 04:34:19'),(129,56,0,'delete',NULL,1,'2023-03-10 04:34:29','2023-03-10 04:34:29');

/*Table structure for table `password_resets` */

DROP TABLE IF EXISTS `password_resets`;

CREATE TABLE `password_resets` (
  `email` varchar(255) COLLATE utf8mb4_unicode_ci NOT NULL,
  `token` varchar(255) COLLATE utf8mb4_unicode_ci NOT NULL,
  `created_at` timestamp NULL DEFAULT NULL,
  KEY `password_resets_email_index` (`email`(191))
) ENGINE=InnoDB DEFAULT CHARSET=utf8mb4 COLLATE=utf8mb4_unicode_ci;

/*Data for the table `password_resets` */

/*Table structure for table `personal_access_tokens` */

DROP TABLE IF EXISTS `personal_access_tokens`;

CREATE TABLE `personal_access_tokens` (
  `id` bigint(20) unsigned NOT NULL AUTO_INCREMENT,
  `tokenable_type` varchar(255) COLLATE utf8mb4_unicode_ci NOT NULL,
  `tokenable_id` bigint(20) unsigned NOT NULL,
  `name` varchar(255) COLLATE utf8mb4_unicode_ci NOT NULL,
  `token` varchar(64) COLLATE utf8mb4_unicode_ci NOT NULL,
  `abilities` text COLLATE utf8mb4_unicode_ci,
  `last_used_at` timestamp NULL DEFAULT NULL,
  `created_at` timestamp NULL DEFAULT NULL,
  `updated_at` timestamp NULL DEFAULT NULL,
  PRIMARY KEY (`id`),
  UNIQUE KEY `personal_access_tokens_token_unique` (`token`),
  KEY `personal_access_tokens_tokenable_type_tokenable_id_index` (`tokenable_type`,`tokenable_id`)
) ENGINE=InnoDB AUTO_INCREMENT=16 DEFAULT CHARSET=utf8mb4 COLLATE=utf8mb4_unicode_ci;

/*Data for the table `personal_access_tokens` */

insert  into `personal_access_tokens`(`id`,`tokenable_type`,`tokenable_id`,`name`,`token`,`abilities`,`last_used_at`,`created_at`,`updated_at`) values (6,'App\\Models\\User',5218,'crm','3a096bdc710b5c19df061905d2fc71f294a8e3a2a5ca408e1a44253c7e4e0943','[\"*\"]','2023-02-13 17:01:13','2023-02-13 15:53:15','2023-02-13 17:01:13'),(15,'App\\Models\\User',5219,'crm','03020b1fd733b069757684dc735d5fd786df1a5e8d03a7b8347c6c2c018e4680','[\"*\"]',NULL,'2023-03-09 18:07:22','2023-03-09 18:07:22');

/*Table structure for table `roles` */

DROP TABLE IF EXISTS `roles`;

CREATE TABLE `roles` (
  `id` bigint(20) unsigned NOT NULL AUTO_INCREMENT,
  `name` varchar(255) COLLATE utf8mb4_unicode_ci NOT NULL,
  `is_main` int(1) DEFAULT '0',
  `sub_roles` text COLLATE utf8mb4_unicode_ci,
  `permissions` text COLLATE utf8mb4_unicode_ci,
  `desc` text COLLATE utf8mb4_unicode_ci,
  `status` int(11) NOT NULL DEFAULT '1',
  `created_at` timestamp NULL DEFAULT NULL,
  `updated_at` timestamp NULL DEFAULT NULL,
  PRIMARY KEY (`id`)
) ENGINE=InnoDB AUTO_INCREMENT=4 DEFAULT CHARSET=utf8mb4 COLLATE=utf8mb4_unicode_ci;

/*Data for the table `roles` */

insert  into `roles`(`id`,`name`,`is_main`,`sub_roles`,`permissions`,`desc`,`status`,`created_at`,`updated_at`) values (1,'Super Admin',1,'[\"2\",\"3\"]','{\"modules\":[\"17\",\"6\",\"18\"],\"menu\":[\"44\",\"8\",\"10\",\"55\",\"56\",\"57\",\"58\"],\"submenu\":[\"1\",\"2\",\"3\",\"4\",\"7\",\"98\",\"5\",\"6\"],\"options\":[\"94\",\"95\",\"96\",\"103\",\"104\",\"105\",\"106\",\"107\",\"108\",\"109\",\"110\",\"111\",\"112\",\"113\",\"114\",\"121\",\"122\",\"123\",\"124\",\"125\",\"126\",\"115\",\"116\",\"117\",\"118\",\"119\",\"120\",\"97\",\"98\",\"99\",\"127\",\"128\",\"129\"]}',NULL,1,'2020-05-14 19:53:31','2023-03-10 04:34:40'),(2,'Admin',0,'[\"3\"]','{\"modules\":[\"17\",\"6\",\"18\"],\"menu\":[\"44\",\"55\",\"57\",\"58\"],\"submenu\":null,\"options\":[\"94\",\"95\",\"96\",\"97\",\"98\",\"99\"]}',NULL,1,'2020-05-14 19:53:31','2023-03-10 04:33:06'),(3,'User',0,'[]','{\"modules\":[\"17\",\"18\"],\"menu\":[\"44\",\"57\"],\"submenu\":null,\"options\":[\"94\",\"95\",\"96\"]}',NULL,1,'2021-01-15 22:28:00','2023-03-10 04:33:25');

/*Table structure for table `search_data_models` */

DROP TABLE IF EXISTS `search_data_models`;

CREATE TABLE `search_data_models` (
  `id` bigint(20) unsigned NOT NULL AUTO_INCREMENT,
  `search_id` bigint(20) unsigned NOT NULL,
  `data_model_id` bigint(20) unsigned NOT NULL,
  `content` longtext COLLATE utf8mb4_unicode_ci,
  `created_at` timestamp NULL DEFAULT NULL,
  `updated_at` timestamp NULL DEFAULT NULL,
  PRIMARY KEY (`id`),
  KEY `search_data_models_search_id_foreign` (`search_id`),
  KEY `search_data_models_data_model_id_foreign` (`data_model_id`),
  CONSTRAINT `search_data_models_data_model_id_foreign` FOREIGN KEY (`data_model_id`) REFERENCES `data_models` (`id`) ON DELETE CASCADE ON UPDATE CASCADE,
  CONSTRAINT `search_data_models_search_id_foreign` FOREIGN KEY (`search_id`) REFERENCES `searches` (`id`) ON DELETE CASCADE ON UPDATE CASCADE
) ENGINE=InnoDB AUTO_INCREMENT=74 DEFAULT CHARSET=utf8mb4 COLLATE=utf8mb4_unicode_ci;

/*Data for the table `search_data_models` */

insert  into `search_data_models`(`id`,`search_id`,`data_model_id`,`content`,`created_at`,`updated_at`) values (44,17,9,'<h5 class=\"mb-3\"><strong>Gulistan blast :: Writing was on the wall</strong></h5>\r\n\r\n<h5><strong>Fine Points</strong></h5>\r\n<div class=\"mb-5\">The loss of at least 22 lives in Tuesday\'s explosion at Siddikbaz<span class=\"search-text\">ar</span> in Gulistan <span class=\"search-text\">ar</span>ea is the result of sheer greed and negligence of the owners of the building and the shop in its basement, found prim<span class=\"search-text\">ar</span>y investigation of the police.</div>\r\n\r\n<h5><strong>Content</strong></h5>\r\n<div><p>But the building owners, without complying with the building code, rented it out to a trader who enclosed the entire 1,800-squ<span class=\"search-text\">ar</span>e-foot basement with glass, leaving no space for air passage, said police.</p>\r\n\r\n<p>The proprietor of the shop named &quot;Bangladesh Sanit<span class=\"search-text\">ar</span>y&quot; had installed two heavy-duty ACs but those were not serviced since 2010, said DMP&#39;s Additional Commissioner H<span class=\"search-text\">ar</span>un Or Rashid.</p>\r\n\r\n<p>&quot;It was the responsibility of the building owners to use the basement for c<span class=\"search-text\">ar</span> p<span class=\"search-text\">ar</span>king. There was no air ventilation system there and those who rented the basement never raised any questions,&quot; he said at a press briefing at DMP Media Centre yesterday.</p>\r\n\r\n<p>&quot;Their negligence caused so many deaths and injuries. So, the building owners and the shop owner cannot avoid responsibility.&quot;</p>\r\n\r\n<p>The additional commissioner at the briefing disclosed the <span class=\"search-text\">ar</span>rest of two building owners, Wahidur Rahman, 46, and his brother Matiur Rahman, 36, and proprietor of Bangladesh Sanit<span class=\"search-text\">ar</span>y Abdul Motaleb Mintu.</p></div>',NULL,NULL),(45,17,10,'<h5 class=\"mb-3\"><strong>ACI to expand footprint in m<span class=\"search-text\">ar</span>ine engine m<span class=\"search-text\">ar</span>ket</strong></h5>\r\n\r\n<h5><strong>Fine Points</strong></h5>\r\n<div class=\"mb-5\">ACI Limited, one of the biggest conglomerates in Bangladesh, is set to expand its footprint in the country\'s m<span class=\"search-text\">ar</span>ine engine business segment in order to capture a piece of a m<span class=\"search-text\">ar</span>ket that is growing 12 per cent annually.</div>\r\n\r\n<h5><strong>Content</strong></h5>\r\n<div><p>According to ACI, the m<span class=\"search-text\">ar</span>ine engine m<span class=\"search-text\">ar</span>ket was <span class=\"search-text\">ar</span>ound $24 million in 2019-20 and it doubled to $52.2 million in the following financial ye<span class=\"search-text\">ar</span> as demand from operators rose. The number of ocean- and river-going ships is also going up.</p>\r\n\r\n<p>Subrata Ranjan Das, executive director of ACI Motors, said roughly 10,000 inland and coastal ships operating in Bangladesh c<span class=\"search-text\">ar</span>ry 90 per cent of the total oil products, 70 per cent c<span class=\"search-text\">ar</span>goes and 35 per cent of passengers.</p>\r\n\r\n<p>Bangladesh requires 586 units of vessels every ye<span class=\"search-text\">ar</span> and another 350 lighter ships would be required by Payra seaport once it opens, according to an assessment of ACI.</p></div>',NULL,NULL),(46,17,11,'<h5 class=\"mb-3\"><strong>Nat’l grid gets power from Adani on trial basis</strong></h5>\r\n\r\n<h5><strong>Fine Points</strong></h5>\r\n<div class=\"mb-5\">Electricity supply from the controversial Adani power plant in Godda, Jh<span class=\"search-text\">ar</span>khand began on a trial basis yesterday.\r\n\r\n\"We <span class=\"search-text\">ar</span>e getting 50 megawatts of electricity since 7:38 pm,\" ABM Badruddoza Khan, spokesman for Power Grid Company of Bangladesh, told The Daily St<span class=\"search-text\">ar</span>.</div>\r\n\r\n<h5><strong>Content</strong></h5>\r\n<div><p>The electricity was generated at a 1,600-megawatt ultra-supercritical power plant located on 425 hect<span class=\"search-text\">ar</span>es of land in an Indian village about 100 kilometres from the Bangladesh border and delivered through a dedicated transmission line.</p>\r\n\r\n<p>Now the power plant will supply electricity to the national grid until commercial operation st<span class=\"search-text\">ar</span>ts, Khan said, adding that the supply will gradually increase as per demand.</p>\r\n\r\n<p>The plant was supposed to st<span class=\"search-text\">ar</span>t commercial operation by December 16 last ye<span class=\"search-text\">ar</span> but was later shifted to M<span class=\"search-text\">ar</span>ch 26 this ye<span class=\"search-text\">ar</span>.</p>\r\n\r\n<p>As per the power purchase agreement signed on November 5, 2017, with Adani Power, the Bangladesh Power Development Bo<span class=\"search-text\">ar</span>d will purchase at least 34 percent of the power generated by the plant over a 25-ye<span class=\"search-text\">ar</span> period.</p></div>',NULL,NULL),(47,17,12,'<h5 class=\"mb-3\"><strong>Column by Mahfuz Anam: Rew<span class=\"search-text\">ar</span>ding thuggery, punishing talent</strong></h5>\r\n\r\n<h5><strong>Fine Points</strong></h5>\r\n<div class=\"mb-5\">Many factors that impact us as a country <span class=\"search-text\">ar</span>e not in our control – the climate crisis, pandemics, geopolitics, globalisation, energy crisis, international terms of trade, the Ukraine w<span class=\"search-text\">ar</span>, etc. But some <span class=\"search-text\">ar</span>e, like enabling our students to be among the best le<span class=\"search-text\">ar</span>ners, if not in the world, then at least in the region. So when we fail to do that, and knowingly continue to do the very opposite of it, we <span class=\"search-text\">ar</span>e forced to ask: <span class=\"search-text\">ar</span>e we not destroying the future of our students and, in the process, jeop<span class=\"search-text\">ar</span>dising that of our country?</div>\r\n\r\n<h5><strong>Content</strong></h5>\r\n<div><p>But we must also ask: what has become of the student activism that we were once so proud of? Do issues like justice, democracy, freedom, and rights of others hold any meaning for our present day students? How conscious <span class=\"search-text\">ar</span>e they of the complexity of modern life and its challenges? How aw<span class=\"search-text\">ar</span>e <span class=\"search-text\">ar</span>e they of the existential threat that humanity faces today &ndash; namely climate change? Do they know that their beloved motherland is at the forefront of that crisis and is likely to be one of its worst victims? Do they think that attacking opponents to sort out differences is the only way to go? Do they attach any value to having dialogues with those with whom they disagree? Why is violence their first choice? What values, ideals, dreams <span class=\"search-text\">ar</span>e they receiving from their education? What is the role of educational institutions in genuinely guiding these young lives to prep<span class=\"search-text\">ar</span>e better for the future?</p></div>',NULL,NULL),(48,18,10,'<h5 class=\"mb-3\"><strong>ACI to expand footprint in marine engine market</strong></h5>\r\n\r\n<h5><strong>Fine Points</strong></h5>\r\n<div class=\"mb-5\">ACI Limited, one of the <span class=\"search-text\">big</span>gest conglomerates in Bangladesh, is set to expand its footprint in the country\'s marine engine business segment in order to capture a piece of a market that is growing 12 per cent annually.</div>\r\n\r\n<h5><strong>Content</strong></h5>\r\n<div><p>According to ACI, the marine engine market was around $24 million in 2019-20 and it doubled to $52.2 million in the following financial year as demand from operators rose. The number of ocean- and river-going ships is also going up.</p>\r\n\r\n<p>Subrata Ranjan Das, executive director of ACI Motors, said roughly 10,000 inland and coastal ships operating in Bangladesh carry 90 per cent of the total oil products, 70 per cent cargoes and 35 per cent of passengers.</p>\r\n\r\n<p>Bangladesh requires 586 units of vessels every year and another 350 lighter ships would be required by Payra seaport once it opens, according to an assessment of ACI.</p></div>',NULL,NULL),(49,19,6,'<h5 class=\"mb-3\"><strong>৩৩ বছর আগে ব্যাংকের অর্থ ডাকাতির যে ঘটনা দেশজুড়ে আলোড়ন তুলেছিল</strong></h5>\r\n\r\n<h5><strong>Fine Points</strong></h5>\r\n<div class=\"mb-5\">বেসরকারি ডাচ্-বাংলা ব্যাংকের গাড়ি থেকে সোয়া ১১ কোটি টাকা ছিনিয়ে নিয়েছে ডাকাতেরা। উত্তরায় প্রকাশ্যে ডাকাতি হলো গতকাল বৃহস্পতিবার। তবে এখন আর কোনো ব্যাংক সরাসরি টাকা পরিবহন করে না। দেশে এখন অনেক নিরাপত্তা দেওয়ার প্রতিষ্ঠান গড়ে উঠেছে। মানি প্ল্যান্ট নামের এ রকম এক প্রতিষ্ঠানের কাছ থেকেই এই ডাকাতি হয়েছে। মিরপুর ডিওএইচএস থেকে গাড়িতে করে টাকা নিয়ে সাভারের ইপিজেডে ডাচ্-বাংলা ব্যাংকের বুথে নিয়ে যাচ্ছিল মাইক্রোবাসটি।</div>\r\n\r\n<h5><strong>Content</strong></h5>\r\n<div><p>ঘটনাটি চাঞ্চল্যকর। তবে এভাবে ব্যাংকের অর্থ ডাকাতির ঘটনা নতুন নয়। দেশে প্রায় একই রকম চাঞ্চল্যকর ঘটনা প্রথম ঘটেছিল ১৯৯০ সালের ৫ মার্চ, রাজধানীর ব্যস্ততম এলাকা মতিঝিলে। সেই ঘটনা দেশজুড়ে তীব্র আলোড়ন তুলেছিল। ওই দিন এভাবে টাকা বহন করার সময় তৎকালীন গ্রিন্ডলেজ ব্যাংকের (এখন স্ট্যান্ডার্ড চার্টার্ড ব্যাংকের সঙ্গে একীভূত) ৫০ লাখ টাকা ছিনতাই বা ডাকাতি হয়েছিল।</p>\r\n\r\n<p>ঘটনার পরের দিন দৈনিক ইত্তেফাকে তা তিন কলাম জুড়ে ছাপা হয়। শিরোনাম ছিল, &lsquo;কমান্ডো স্টাইলে ৫০ লাখ টাকা ছিনতাই&rsquo;। ঘটেছিল সকাল ১০টার দিকে মতিঝিলের অগ্রণী ও পূবালী ব্যাংকের প্রধান কার্যালয়ের ঠিক সামনে। পত্রিকার সংবাদ অনুযায়ী, ব্যাংকটির চিফ ক্যাশিয়ার ও একজন পিয়ন বাংলাদেশ ব্যাংক থেকে টাকা তুলে দিলকুশায় গ্রিন্ডলেজ ব্যাংকের কার্যালয়ে মাইক্রোবাসে করে নিয়ে যাচ্ছিল। পূবালী ব্যাংকের সামনে আসতেই দুর্বৃত্তরা দুটি বোমার বিস্ফোরণ ঘটায়। এতে রাস্তা ফাঁকা হলে কাটা রাইফেলের ভয় দেখিয়ে ব্যাংকের কর্মচারী ও চালককে নামিয়ে মাইক্রোবাস নিয়ে পালিয়ে যায়। টাকাটা ছিল একটা স্টিলের ট্রাংকে।</p>\r\n\r\n<p>সেই ডাকাতের দল ধরা পড়েছিল ৩৬ ঘণ্টার মধ্যেই। শেষ পর্যন্ত উদ্ধারও করা হয় প্রায় সব টাকা। সেই অর্থ উদ্ধারের কাহিনিও ছিল যথেষ্ট নাটকীয়। তখন পুলিশের গোয়েন্দা বিভাগের (ডিবি) উপ&nd<span class=\"search-text\">a</span>sh;পুলিশ কমিশনার (ডিসি) ছিলেন সফিক উল্লাহ। তার নেতৃত্বেই ডাকাত দল ধরা হয়েছিল। তিনি পুলিশ জীবনের অভিজ্ঞতা নিয়ে একটি বই লিখেছেন। &lsquo;এক পুলিশের ডায়েরি&rsquo; নামের বইটি প্রকাশিত হয় ২০১৬ সালে। বইটিতে ৫০ লাখ টাকা উদ্ধারের ঘটনা বিস্তারিত লিখেছেন।</p></div>',NULL,NULL),(50,19,7,'<h5 class=\"mb-3\"><strong>বাংলাদেশকে সব কন্ডিশনের ভালো দল বানাতে চান সাকিব</strong></h5>\r\n\r\n<h5><strong>Fine Points</strong></h5>\r\n<div class=\"mb-5\">উইকেট নিয়ে ভাবতে চান না সাকিব। চান না কন্ডিশন নিয়ে চিন্তা করতে। সাকিব আল হাসান চান, বাংলাদেশ যেন একটা ভালো দল হয়ে ওঠে। কাল চট্টগ্রামে ইংল্যান্ডের বিপক্ষে টি–টোয়েন্টি সিরিজের প্রথম ম্যাচে দুর্দান্ত জয়ের পর চট্টগ্রাম শহরের জিইসি মোড়ে একটি শোরুম উদ্বোধন করতে গিয়ে এ কথা বলেছেন বাংলাদেশের টি–টোয়েন্টি অধিনায়ক।</div>\r\n\r\n<h5><strong>Content</strong></h5>\r\n<div><p>টি&nd<span class=\"search-text\">a</span>sh;টোয়েন্টির বিশ্ব চ্যাম্পিয়নদের বিপক্ষে ৪ উইকেটে জয়ের অন্যতম রূপকার সাকিব। বল হাতে ২৬ রানে ১ উইকেট নেওয়ার পর ব্যাট হাতে ২৪ বলে ৩৪ রান করে দলকে নিয়ে গেছেন জয়ের বন্দরে। ম্যাচ শেষ করে অন্যান্য আনুষ্ঠানিকতা সেরেই তাঁকে ছুটতে হয়েছে বাণিজ্যিক দায়িত্ব পালনে। শোরুম উদ্বোধনের পর তিনি বাংলাদেশকে একটি ভালো দলে পরিণত করার প্রত্যয়ের কথাই জানিয়েছেন, &lsquo;আমরা উইকেট নিয়ে ভাবতে চাই না, কন্ডিশন নিয়ে চিন্তা করতে চাই না। আমরা একটা ভালো দল হয়ে উঠতে চাই। আমরা যেকোনো কন্ডিশনের সঙ্গে মানিয়ে নিতে চাই। ভালো দলগুলো এটাই করে।&rsquo;</p>\r\n\r\n<p>প্রথম ম্যাচ জয়ের পর এখন নিশ্চয়ই সাকিবের চোখ সিরিজ জেতার দিকে। ওয়ানডে সিরিজে ২&nd<span class=\"search-text\">a</span>sh;১ ব্যবধানে হেরেছে বাংলাদেশ। টি&nd<span class=\"search-text\">a</span>sh;টোয়েন্টি সিরিজে প্রথম ম্যাচটা দারুণভাবে জেতার পরও অবশ্য বিশ্ব চ্যাম্পিয়নদের প্রতি শ্রদ্ধা বাংলাদেশ অধিনায়কের, &lsquo;ইংল্যান্ড অনেক ভালো দল। আমাদের ভালো খেলতে হবে। প্রথম ম্যাচটা ভালো করেছি, চেষ্টা করব পরের ম্যাচগুলো ভালো খেলতে।&rsquo;</p></div>',NULL,NULL),(51,19,9,'<h5 class=\"mb-3\"><strong>Gulist<span class=\"search-text\">a</span>n bl<span class=\"search-text\">a</span>st :: Writing w<span class=\"search-text\">a</span>s on the w<span class=\"search-text\">a</span>ll</strong></h5>\r\n\r\n<h5><strong>Fine Points</strong></h5>\r\n<div class=\"mb-5\">The loss of <span class=\"search-text\">a</span>t le<span class=\"search-text\">a</span>st 22 lives in Tuesd<span class=\"search-text\">a</span>y\'s explosion <span class=\"search-text\">a</span>t Siddikb<span class=\"search-text\">a</span>z<span class=\"search-text\">a</span>r in Gulist<span class=\"search-text\">a</span>n <span class=\"search-text\">a</span>re<span class=\"search-text\">a</span> is the result of sheer greed <span class=\"search-text\">a</span>nd negligence of the owners of the building <span class=\"search-text\">a</span>nd the shop in its b<span class=\"search-text\">a</span>sement, found prim<span class=\"search-text\">a</span>ry investig<span class=\"search-text\">a</span>tion of the police.</div>\r\n\r\n<h5><strong>Content</strong></h5>\r\n<div><p>But the building owners, without complying with the building code, rented it out to <span class=\"search-text\">a</span> tr<span class=\"search-text\">a</span>der who enclosed the entire 1,800-squ<span class=\"search-text\">a</span>re-foot b<span class=\"search-text\">a</span>sement with gl<span class=\"search-text\">a</span>ss, le<span class=\"search-text\">a</span>ving no sp<span class=\"search-text\">a</span>ce for <span class=\"search-text\">a</span>ir p<span class=\"search-text\">a</span>ss<span class=\"search-text\">a</span>ge, s<span class=\"search-text\">a</span>id police.</p>\r\n\r\n<p>The proprietor of the shop n<span class=\"search-text\">a</span>med &quot;B<span class=\"search-text\">a</span>ngl<span class=\"search-text\">a</span>desh S<span class=\"search-text\">a</span>nit<span class=\"search-text\">a</span>ry&quot; h<span class=\"search-text\">a</span>d inst<span class=\"search-text\">a</span>lled two he<span class=\"search-text\">a</span>vy-duty ACs but those were not serviced since 2010, s<span class=\"search-text\">a</span>id DMP&#39;s Addition<span class=\"search-text\">a</span>l Commissioner H<span class=\"search-text\">a</span>run Or R<span class=\"search-text\">a</span>shid.</p>\r\n\r\n<p>&quot;It w<span class=\"search-text\">a</span>s the responsibility of the building owners to use the b<span class=\"search-text\">a</span>sement for c<span class=\"search-text\">a</span>r p<span class=\"search-text\">a</span>rking. There w<span class=\"search-text\">a</span>s no <span class=\"search-text\">a</span>ir ventil<span class=\"search-text\">a</span>tion system there <span class=\"search-text\">a</span>nd those who rented the b<span class=\"search-text\">a</span>sement never r<span class=\"search-text\">a</span>ised <span class=\"search-text\">a</span>ny questions,&quot; he s<span class=\"search-text\">a</span>id <span class=\"search-text\">a</span>t <span class=\"search-text\">a</span> press briefing <span class=\"search-text\">a</span>t DMP Medi<span class=\"search-text\">a</span> Centre yesterd<span class=\"search-text\">a</span>y.</p>\r\n\r\n<p>&quot;Their negligence c<span class=\"search-text\">a</span>used so m<span class=\"search-text\">a</span>ny de<span class=\"search-text\">a</span>ths <span class=\"search-text\">a</span>nd injuries. So, the building owners <span class=\"search-text\">a</span>nd the shop owner c<span class=\"search-text\">a</span>nnot <span class=\"search-text\">a</span>void responsibility.&quot;</p>\r\n\r\n<p>The <span class=\"search-text\">a</span>ddition<span class=\"search-text\">a</span>l commissioner <span class=\"search-text\">a</span>t the briefing disclosed the <span class=\"search-text\">a</span>rrest of two building owners, W<span class=\"search-text\">a</span>hidur R<span class=\"search-text\">a</span>hm<span class=\"search-text\">a</span>n, 46, <span class=\"search-text\">a</span>nd his brother M<span class=\"search-text\">a</span>tiur R<span class=\"search-text\">a</span>hm<span class=\"search-text\">a</span>n, 36, <span class=\"search-text\">a</span>nd proprietor of B<span class=\"search-text\">a</span>ngl<span class=\"search-text\">a</span>desh S<span class=\"search-text\">a</span>nit<span class=\"search-text\">a</span>ry Abdul Mot<span class=\"search-text\">a</span>leb Mintu.</p></div>',NULL,NULL),(52,19,10,'<h5 class=\"mb-3\"><strong>ACI to exp<span class=\"search-text\">a</span>nd footprint in m<span class=\"search-text\">a</span>rine engine m<span class=\"search-text\">a</span>rket</strong></h5>\r\n\r\n<h5><strong>Fine Points</strong></h5>\r\n<div class=\"mb-5\">ACI Limited, one of the biggest conglomer<span class=\"search-text\">a</span>tes in B<span class=\"search-text\">a</span>ngl<span class=\"search-text\">a</span>desh, is set to exp<span class=\"search-text\">a</span>nd its footprint in the country\'s m<span class=\"search-text\">a</span>rine engine business segment in order to c<span class=\"search-text\">a</span>pture <span class=\"search-text\">a</span> piece of <span class=\"search-text\">a</span> m<span class=\"search-text\">a</span>rket th<span class=\"search-text\">a</span>t is growing 12 per cent <span class=\"search-text\">a</span>nnu<span class=\"search-text\">a</span>lly.</div>\r\n\r\n<h5><strong>Content</strong></h5>\r\n<div><p>According to ACI, the m<span class=\"search-text\">a</span>rine engine m<span class=\"search-text\">a</span>rket w<span class=\"search-text\">a</span>s <span class=\"search-text\">a</span>round $24 million in 2019-20 <span class=\"search-text\">a</span>nd it doubled to $52.2 million in the following fin<span class=\"search-text\">a</span>nci<span class=\"search-text\">a</span>l ye<span class=\"search-text\">a</span>r <span class=\"search-text\">a</span>s dem<span class=\"search-text\">a</span>nd from oper<span class=\"search-text\">a</span>tors rose. The number of oce<span class=\"search-text\">a</span>n- <span class=\"search-text\">a</span>nd river-going ships is <span class=\"search-text\">a</span>lso going up.</p>\r\n\r\n<p>Subr<span class=\"search-text\">a</span>t<span class=\"search-text\">a</span> R<span class=\"search-text\">a</span>nj<span class=\"search-text\">a</span>n D<span class=\"search-text\">a</span>s, executive director of ACI Motors, s<span class=\"search-text\">a</span>id roughly 10,000 inl<span class=\"search-text\">a</span>nd <span class=\"search-text\">a</span>nd co<span class=\"search-text\">a</span>st<span class=\"search-text\">a</span>l ships oper<span class=\"search-text\">a</span>ting in B<span class=\"search-text\">a</span>ngl<span class=\"search-text\">a</span>desh c<span class=\"search-text\">a</span>rry 90 per cent of the tot<span class=\"search-text\">a</span>l oil products, 70 per cent c<span class=\"search-text\">a</span>rgoes <span class=\"search-text\">a</span>nd 35 per cent of p<span class=\"search-text\">a</span>ssengers.</p>\r\n\r\n<p>B<span class=\"search-text\">a</span>ngl<span class=\"search-text\">a</span>desh requires 586 units of vessels every ye<span class=\"search-text\">a</span>r <span class=\"search-text\">a</span>nd <span class=\"search-text\">a</span>nother 350 lighter ships would be required by P<span class=\"search-text\">a</span>yr<span class=\"search-text\">a</span> se<span class=\"search-text\">a</span>port once it opens, <span class=\"search-text\">a</span>ccording to <span class=\"search-text\">a</span>n <span class=\"search-text\">a</span>ssessment of ACI.</p></div>',NULL,NULL),(53,19,11,'<h5 class=\"mb-3\"><strong>N<span class=\"search-text\">a</span>t’l grid gets power from Ad<span class=\"search-text\">a</span>ni on tri<span class=\"search-text\">a</span>l b<span class=\"search-text\">a</span>sis</strong></h5>\r\n\r\n<h5><strong>Fine Points</strong></h5>\r\n<div class=\"mb-5\">Electricity supply from the controversi<span class=\"search-text\">a</span>l Ad<span class=\"search-text\">a</span>ni power pl<span class=\"search-text\">a</span>nt in Godd<span class=\"search-text\">a</span>, Jh<span class=\"search-text\">a</span>rkh<span class=\"search-text\">a</span>nd beg<span class=\"search-text\">a</span>n on <span class=\"search-text\">a</span> tri<span class=\"search-text\">a</span>l b<span class=\"search-text\">a</span>sis yesterd<span class=\"search-text\">a</span>y.\r\n\r\n\"We <span class=\"search-text\">a</span>re getting 50 meg<span class=\"search-text\">a</span>w<span class=\"search-text\">a</span>tts of electricity since 7:38 pm,\" ABM B<span class=\"search-text\">a</span>druddoz<span class=\"search-text\">a</span> Kh<span class=\"search-text\">a</span>n, spokesm<span class=\"search-text\">a</span>n for Power Grid Comp<span class=\"search-text\">a</span>ny of B<span class=\"search-text\">a</span>ngl<span class=\"search-text\">a</span>desh, told The D<span class=\"search-text\">a</span>ily St<span class=\"search-text\">a</span>r.</div>\r\n\r\n<h5><strong>Content</strong></h5>\r\n<div><p>The electricity w<span class=\"search-text\">a</span>s gener<span class=\"search-text\">a</span>ted <span class=\"search-text\">a</span>t <span class=\"search-text\">a</span> 1,600-meg<span class=\"search-text\">a</span>w<span class=\"search-text\">a</span>tt ultr<span class=\"search-text\">a</span>-supercritic<span class=\"search-text\">a</span>l power pl<span class=\"search-text\">a</span>nt loc<span class=\"search-text\">a</span>ted on 425 hect<span class=\"search-text\">a</span>res of l<span class=\"search-text\">a</span>nd in <span class=\"search-text\">a</span>n Indi<span class=\"search-text\">a</span>n vill<span class=\"search-text\">a</span>ge <span class=\"search-text\">a</span>bout 100 kilometres from the B<span class=\"search-text\">a</span>ngl<span class=\"search-text\">a</span>desh border <span class=\"search-text\">a</span>nd delivered through <span class=\"search-text\">a</span> dedic<span class=\"search-text\">a</span>ted tr<span class=\"search-text\">a</span>nsmission line.</p>\r\n\r\n<p>Now the power pl<span class=\"search-text\">a</span>nt will supply electricity to the n<span class=\"search-text\">a</span>tion<span class=\"search-text\">a</span>l grid until commerci<span class=\"search-text\">a</span>l oper<span class=\"search-text\">a</span>tion st<span class=\"search-text\">a</span>rts, Kh<span class=\"search-text\">a</span>n s<span class=\"search-text\">a</span>id, <span class=\"search-text\">a</span>dding th<span class=\"search-text\">a</span>t the supply will gr<span class=\"search-text\">a</span>du<span class=\"search-text\">a</span>lly incre<span class=\"search-text\">a</span>se <span class=\"search-text\">a</span>s per dem<span class=\"search-text\">a</span>nd.</p>\r\n\r\n<p>The pl<span class=\"search-text\">a</span>nt w<span class=\"search-text\">a</span>s supposed to st<span class=\"search-text\">a</span>rt commerci<span class=\"search-text\">a</span>l oper<span class=\"search-text\">a</span>tion by December 16 l<span class=\"search-text\">a</span>st ye<span class=\"search-text\">a</span>r but w<span class=\"search-text\">a</span>s l<span class=\"search-text\">a</span>ter shifted to M<span class=\"search-text\">a</span>rch 26 this ye<span class=\"search-text\">a</span>r.</p>\r\n\r\n<p>As per the power purch<span class=\"search-text\">a</span>se <span class=\"search-text\">a</span>greement signed on November 5, 2017, with Ad<span class=\"search-text\">a</span>ni Power, the B<span class=\"search-text\">a</span>ngl<span class=\"search-text\">a</span>desh Power Development Bo<span class=\"search-text\">a</span>rd will purch<span class=\"search-text\">a</span>se <span class=\"search-text\">a</span>t le<span class=\"search-text\">a</span>st 34 percent of the power gener<span class=\"search-text\">a</span>ted by the pl<span class=\"search-text\">a</span>nt over <span class=\"search-text\">a</span> 25-ye<span class=\"search-text\">a</span>r period.</p></div>',NULL,NULL),(54,20,9,'<h5 class=\"mb-3\"><strong>Gulistan blast :: Writing was on the wall</strong></h5>\r\n\r\n<h5><strong>Fine Points</strong></h5>\r\n<div class=\"mb-5\">The loss of at least 22 lives in Tuesday\'s explosion at Siddikbazar in Gulistan area is the result of sheer greed and negligence of the owners of the building and the shop in its basement, found primary investigation of the police.</div>\r\n\r\n<h5><strong>Content</strong></h5>\r\n<div><p>But the building owners, without complying with the building code, rented it out to a trader who enclosed the entire 1,800-square-foot basement with glass, leaving no space for air passage, said police.</p>\r\n\r\n<p>The proprietor of the shop named &quot;Bangladesh Sanitary&quot; had installed two heavy-duty ACs but those were not serviced since 2010, said DMP&#39;s Additional Commissioner Harun Or Ras<span class=\"search-text\">hi</span>d.</p>\r\n\r\n<p>&quot;It was the responsibility of the building owners to use the basement for car parking. There was no air ventilation system there and those who rented the basement never raised any questions,&quot; he said at a press briefing at DMP Media Centre yesterday.</p>\r\n\r\n<p>&quot;Their negligence caused so many deaths and injuries. So, the building owners and the shop owner cannot avoid responsibility.&quot;</p>\r\n\r\n<p>The additional commissioner at the briefing disclosed the arrest of two building owners, Wa<span class=\"search-text\">hi</span>dur Rahman, 46, and <span class=\"search-text\">hi</span>s brother Matiur Rahman, 36, and proprietor of Bangladesh Sanitary Abdul Motaleb Mintu.</p></div>',NULL,NULL),(55,20,10,'<h5 class=\"mb-3\"><strong>ACI to expand footprint in marine engine market</strong></h5>\r\n\r\n<h5><strong>Fine Points</strong></h5>\r\n<div class=\"mb-5\">ACI Limited, one of the biggest conglomerates in Bangladesh, is set to expand its footprint in the country\'s marine engine business segment in order to capture a piece of a market that is growing 12 per cent annually.</div>\r\n\r\n<h5><strong>Content</strong></h5>\r\n<div><p>According to ACI, the marine engine market was around $24 million in 2019-20 and it doubled to $52.2 million in the following financial year as demand from operators rose. The number of ocean- and river-going s<span class=\"search-text\">hi</span>ps is also going up.</p>\r\n\r\n<p>Subrata Ranjan Das, executive director of ACI Motors, said roughly 10,000 inland and coastal s<span class=\"search-text\">hi</span>ps operating in Bangladesh carry 90 per cent of the total oil products, 70 per cent cargoes and 35 per cent of passengers.</p>\r\n\r\n<p>Bangladesh requires 586 units of vessels every year and another 350 lighter s<span class=\"search-text\">hi</span>ps would be required by Payra seaport once it opens, according to an assessment of ACI.</p></div>',NULL,NULL),(56,20,11,'<h5 class=\"mb-3\"><strong>Nat’l grid gets power from Adani on trial basis</strong></h5>\r\n\r\n<h5><strong>Fine Points</strong></h5>\r\n<div class=\"mb-5\">Electricity supply from the controversial Adani power plant in Godda, Jharkhand began on a trial basis yesterday.\r\n\r\n\"We are getting 50 megawatts of electricity since 7:38 pm,\" ABM Badruddoza Khan, spokesman for Power Grid Company of Bangladesh, told The Daily Star.</div>\r\n\r\n<h5><strong>Content</strong></h5>\r\n<div><p>The electricity was generated at a 1,600-megawatt ultra-supercritical power plant located on 425 hectares of land in an Indian village about 100 kilometres from the Bangladesh border and delivered through a dedicated transmission line.</p>\r\n\r\n<p>Now the power plant will supply electricity to the national grid until commercial operation starts, Khan said, adding that the supply will gradually increase as per demand.</p>\r\n\r\n<p>The plant was supposed to start commercial operation by December 16 last year but was later s<span class=\"search-text\">hi</span>fted to March 26 t<span class=\"search-text\">hi</span>s year.</p>\r\n\r\n<p>As per the power purchase agreement signed on November 5, 2017, with Adani Power, the Bangladesh Power Development Board will purchase at least 34 percent of the power generated by the plant over a 25-year period.</p></div>',NULL,NULL),(57,20,12,'<h5 class=\"mb-3\"><strong>Column by Mahfuz Anam: Rewarding thuggery, punis<span class=\"search-text\">hi</span>ng talent</strong></h5>\r\n\r\n<h5><strong>Fine Points</strong></h5>\r\n<div class=\"mb-5\">Many factors that impact us as a country are not in our control – the climate crisis, pandemics, geopolitics, globalisation, energy crisis, international terms of trade, the Ukraine war, etc. But some are, like enabling our students to be among the best learners, if not in the world, then at least in the region. So when we fail to do that, and knowingly continue to do the very opposite of it, we are forced to ask: are we not destroying the future of our students and, in the process, jeopardising that of our country?</div>\r\n\r\n<h5><strong>Content</strong></h5>\r\n<div><p>But we must also ask: what has become of the student activism that we were once so proud of? Do issues like justice, democracy, freedom, and rights of others hold any meaning for our present day students? How conscious are they of the complexity of modern life and its challenges? How aware are they of the existential threat that humanity faces today &ndash; namely climate change? Do they know that their beloved motherland is at the forefront of that crisis and is likely to be one of its worst victims? Do they t<span class=\"search-text\">hi</span>nk that attacking opponents to sort out differences is the only way to go? Do they attach any value to having dialogues with those with whom they disagree? Why is violence their first choice? What values, ideals, dreams are they receiving from their education? What is the role of educational institutions in genuinely guiding these young lives to prepare better for the future?</p></div>',NULL,NULL),(58,21,9,'<h5 class=\"mb-3\"><strong>Gulistan blast :: Writing was on the wall</strong></h5>\r\n\r\n<h5><strong>Fine Points</strong></h5>\r\n<div class=\"mb-5\">The loss of at least 22 lives in Tuesday\'s explosion at Siddikbazar in Gulistan area is the result of sheer greed and negligence of the owners of the building and the shop in its basement, found primary investigation of the police.</div>\r\n\r\n<h5><strong>Content</strong></h5>\r\n<div><p>But the building owners, without complying with the building code, rented it out to a trader who enclosed the entire 1,800-square-foot basement with glass, leaving no space for air passage, said police.</p>\r\n\r\n<p>The proprietor of the shop named &quot;Bangladesh Sanitary&quot; had installed two heavy-duty ACs but those were not serviced since 2010, said DMP&#39;s Additional Commissioner Harun Or Ras<span class=\"search-text\">hi</span>d.</p>\r\n\r\n<p>&quot;It was the responsibility of the building owners to use the basement for car parking. There was no air ventilation system there and those who rented the basement never raised any questions,&quot; he said at a press briefing at DMP Media Centre yesterday.</p>\r\n\r\n<p>&quot;Their negligence caused so many deaths and injuries. So, the building owners and the shop owner cannot avoid responsibility.&quot;</p>\r\n\r\n<p>The additional commissioner at the briefing disclosed the arrest of two building owners, Wa<span class=\"search-text\">hi</span>dur Rahman, 46, and <span class=\"search-text\">hi</span>s brother Matiur Rahman, 36, and proprietor of Bangladesh Sanitary Abdul Motaleb Mintu.</p></div>',NULL,NULL),(59,21,10,'<h5 class=\"mb-3\"><strong>ACI to expand footprint in marine engine market</strong></h5>\r\n\r\n<h5><strong>Fine Points</strong></h5>\r\n<div class=\"mb-5\">ACI Limited, one of the biggest conglomerates in Bangladesh, is set to expand its footprint in the country\'s marine engine business segment in order to capture a piece of a market that is growing 12 per cent annually.</div>\r\n\r\n<h5><strong>Content</strong></h5>\r\n<div><p>According to ACI, the marine engine market was around $24 million in 2019-20 and it doubled to $52.2 million in the following financial year as demand from operators rose. The number of ocean- and river-going s<span class=\"search-text\">hi</span>ps is also going up.</p>\r\n\r\n<p>Subrata Ranjan Das, executive director of ACI Motors, said roughly 10,000 inland and coastal s<span class=\"search-text\">hi</span>ps operating in Bangladesh carry 90 per cent of the total oil products, 70 per cent cargoes and 35 per cent of passengers.</p>\r\n\r\n<p>Bangladesh requires 586 units of vessels every year and another 350 lighter s<span class=\"search-text\">hi</span>ps would be required by Payra seaport once it opens, according to an assessment of ACI.</p></div>',NULL,NULL),(60,21,11,'<h5 class=\"mb-3\"><strong>Nat’l grid gets power from Adani on trial basis</strong></h5>\r\n\r\n<h5><strong>Fine Points</strong></h5>\r\n<div class=\"mb-5\">Electricity supply from the controversial Adani power plant in Godda, Jharkhand began on a trial basis yesterday.\r\n\r\n\"We are getting 50 megawatts of electricity since 7:38 pm,\" ABM Badruddoza Khan, spokesman for Power Grid Company of Bangladesh, told The Daily Star.</div>\r\n\r\n<h5><strong>Content</strong></h5>\r\n<div><p>The electricity was generated at a 1,600-megawatt ultra-supercritical power plant located on 425 hectares of land in an Indian village about 100 kilometres from the Bangladesh border and delivered through a dedicated transmission line.</p>\r\n\r\n<p>Now the power plant will supply electricity to the national grid until commercial operation starts, Khan said, adding that the supply will gradually increase as per demand.</p>\r\n\r\n<p>The plant was supposed to start commercial operation by December 16 last year but was later s<span class=\"search-text\">hi</span>fted to March 26 t<span class=\"search-text\">hi</span>s year.</p>\r\n\r\n<p>As per the power purchase agreement signed on November 5, 2017, with Adani Power, the Bangladesh Power Development Board will purchase at least 34 percent of the power generated by the plant over a 25-year period.</p></div>',NULL,NULL),(61,21,12,'<h5 class=\"mb-3\"><strong>Column by Mahfuz Anam: Rewarding thuggery, punis<span class=\"search-text\">hi</span>ng talent</strong></h5>\r\n\r\n<h5><strong>Fine Points</strong></h5>\r\n<div class=\"mb-5\">Many factors that impact us as a country are not in our control – the climate crisis, pandemics, geopolitics, globalisation, energy crisis, international terms of trade, the Ukraine war, etc. But some are, like enabling our students to be among the best learners, if not in the world, then at least in the region. So when we fail to do that, and knowingly continue to do the very opposite of it, we are forced to ask: are we not destroying the future of our students and, in the process, jeopardising that of our country?</div>\r\n\r\n<h5><strong>Content</strong></h5>\r\n<div><p>But we must also ask: what has become of the student activism that we were once so proud of? Do issues like justice, democracy, freedom, and rights of others hold any meaning for our present day students? How conscious are they of the complexity of modern life and its challenges? How aware are they of the existential threat that humanity faces today &ndash; namely climate change? Do they know that their beloved motherland is at the forefront of that crisis and is likely to be one of its worst victims? Do they t<span class=\"search-text\">hi</span>nk that attacking opponents to sort out differences is the only way to go? Do they attach any value to having dialogues with those with whom they disagree? Why is violence their first choice? What values, ideals, dreams are they receiving from their education? What is the role of educational institutions in genuinely guiding these young lives to prepare better for the future?</p></div>',NULL,NULL),(62,22,9,'<h5 class=\"mb-3\"><strong>Gulistan blast :: Writing was on the wall</strong></h5>\r\n\r\n<h5><strong>Fine Points</strong></h5>\r\n<div class=\"mb-5\">The loss of at least 22 lives in Tuesday\'s explosion at Siddikbazar in Gulistan area is the result of sheer greed and negligence of the owners of the building and the shop in its basement, found primary investigation of the police.</div>\r\n\r\n<h5><strong>Content</strong></h5>\r\n<div><p>But the building owners, without complying with the building code, rented it out to a trader who enclosed the entire 1,800-square-foot basement with glass, leaving no space for air passage, said police.</p>\r\n\r\n<p>The proprietor of the shop named &quot;Bangladesh Sanitary&quot; had installed two heavy-duty ACs but those were not serviced since 2010, said DMP&#39;s Additional Commissioner Harun Or Ras<span class=\"search-text\">hi</span>d.</p>\r\n\r\n<p>&quot;It was the responsibility of the building owners to use the basement for car parking. There was no air ventilation system there and those who rented the basement never raised any questions,&quot; he said at a press briefing at DMP Media Centre yesterday.</p>\r\n\r\n<p>&quot;Their negligence caused so many deaths and injuries. So, the building owners and the shop owner cannot avoid responsibility.&quot;</p>\r\n\r\n<p>The additional commissioner at the briefing disclosed the arrest of two building owners, Wa<span class=\"search-text\">hi</span>dur Rahman, 46, and <span class=\"search-text\">hi</span>s brother Matiur Rahman, 36, and proprietor of Bangladesh Sanitary Abdul Motaleb Mintu.</p></div>',NULL,NULL),(63,22,10,'<h5 class=\"mb-3\"><strong>ACI to expand footprint in marine engine market</strong></h5>\r\n\r\n<h5><strong>Fine Points</strong></h5>\r\n<div class=\"mb-5\">ACI Limited, one of the biggest conglomerates in Bangladesh, is set to expand its footprint in the country\'s marine engine business segment in order to capture a piece of a market that is growing 12 per cent annually.</div>\r\n\r\n<h5><strong>Content</strong></h5>\r\n<div><p>According to ACI, the marine engine market was around $24 million in 2019-20 and it doubled to $52.2 million in the following financial year as demand from operators rose. The number of ocean- and river-going s<span class=\"search-text\">hi</span>ps is also going up.</p>\r\n\r\n<p>Subrata Ranjan Das, executive director of ACI Motors, said roughly 10,000 inland and coastal s<span class=\"search-text\">hi</span>ps operating in Bangladesh carry 90 per cent of the total oil products, 70 per cent cargoes and 35 per cent of passengers.</p>\r\n\r\n<p>Bangladesh requires 586 units of vessels every year and another 350 lighter s<span class=\"search-text\">hi</span>ps would be required by Payra seaport once it opens, according to an assessment of ACI.</p></div>',NULL,NULL),(64,22,11,'<h5 class=\"mb-3\"><strong>Nat’l grid gets power from Adani on trial basis</strong></h5>\r\n\r\n<h5><strong>Fine Points</strong></h5>\r\n<div class=\"mb-5\">Electricity supply from the controversial Adani power plant in Godda, Jharkhand began on a trial basis yesterday.\r\n\r\n\"We are getting 50 megawatts of electricity since 7:38 pm,\" ABM Badruddoza Khan, spokesman for Power Grid Company of Bangladesh, told The Daily Star.</div>\r\n\r\n<h5><strong>Content</strong></h5>\r\n<div><p>The electricity was generated at a 1,600-megawatt ultra-supercritical power plant located on 425 hectares of land in an Indian village about 100 kilometres from the Bangladesh border and delivered through a dedicated transmission line.</p>\r\n\r\n<p>Now the power plant will supply electricity to the national grid until commercial operation starts, Khan said, adding that the supply will gradually increase as per demand.</p>\r\n\r\n<p>The plant was supposed to start commercial operation by December 16 last year but was later s<span class=\"search-text\">hi</span>fted to March 26 t<span class=\"search-text\">hi</span>s year.</p>\r\n\r\n<p>As per the power purchase agreement signed on November 5, 2017, with Adani Power, the Bangladesh Power Development Board will purchase at least 34 percent of the power generated by the plant over a 25-year period.</p></div>',NULL,NULL),(65,22,12,'<h5 class=\"mb-3\"><strong>Column by Mahfuz Anam: Rewarding thuggery, punis<span class=\"search-text\">hi</span>ng talent</strong></h5>\r\n\r\n<h5><strong>Fine Points</strong></h5>\r\n<div class=\"mb-5\">Many factors that impact us as a country are not in our control – the climate crisis, pandemics, geopolitics, globalisation, energy crisis, international terms of trade, the Ukraine war, etc. But some are, like enabling our students to be among the best learners, if not in the world, then at least in the region. So when we fail to do that, and knowingly continue to do the very opposite of it, we are forced to ask: are we not destroying the future of our students and, in the process, jeopardising that of our country?</div>\r\n\r\n<h5><strong>Content</strong></h5>\r\n<div><p>But we must also ask: what has become of the student activism that we were once so proud of? Do issues like justice, democracy, freedom, and rights of others hold any meaning for our present day students? How conscious are they of the complexity of modern life and its challenges? How aware are they of the existential threat that humanity faces today &ndash; namely climate change? Do they know that their beloved motherland is at the forefront of that crisis and is likely to be one of its worst victims? Do they t<span class=\"search-text\">hi</span>nk that attacking opponents to sort out differences is the only way to go? Do they attach any value to having dialogues with those with whom they disagree? Why is violence their first choice? What values, ideals, dreams are they receiving from their education? What is the role of educational institutions in genuinely guiding these young lives to prepare better for the future?</p></div>',NULL,NULL),(66,23,9,'<h5 class=\"mb-3\"><strong>Gulistan blast :: Writing was on the wall</strong></h5>\r\n\r\n<h5><strong>Fine Points</strong></h5>\r\n<div class=\"mb-5\">The loss of at least 22 lives in Tuesday\'s explosion at Siddikbazar in Gulistan area is the result of sheer greed and negligence of the owners of the building and the shop in its basement, found primary investigation of the police.</div>\r\n\r\n<h5><strong>Content</strong></h5>\r\n<div><p>But the building owners, without complying with the building code, rented it out to a trader who enclosed the entire 1,800-square-foot basement with glass, leaving no space for air passage, said police.</p>\r\n\r\n<p>The proprietor of the shop named &quot;Bangladesh Sanitary&quot; had installed two heavy-duty ACs but those were not serviced since 2010, said DMP&#39;s Additional Commissioner Harun Or Ras<span class=\"search-text\">hi</span>d.</p>\r\n\r\n<p>&quot;It was the responsibility of the building owners to use the basement for car parking. There was no air ventilation system there and those who rented the basement never raised any questions,&quot; he said at a press briefing at DMP Media Centre yesterday.</p>\r\n\r\n<p>&quot;Their negligence caused so many deaths and injuries. So, the building owners and the shop owner cannot avoid responsibility.&quot;</p>\r\n\r\n<p>The additional commissioner at the briefing disclosed the arrest of two building owners, Wa<span class=\"search-text\">hi</span>dur Rahman, 46, and <span class=\"search-text\">hi</span>s brother Matiur Rahman, 36, and proprietor of Bangladesh Sanitary Abdul Motaleb Mintu.</p></div>',NULL,NULL),(67,23,10,'<h5 class=\"mb-3\"><strong>ACI to expand footprint in marine engine market</strong></h5>\r\n\r\n<h5><strong>Fine Points</strong></h5>\r\n<div class=\"mb-5\">ACI Limited, one of the biggest conglomerates in Bangladesh, is set to expand its footprint in the country\'s marine engine business segment in order to capture a piece of a market that is growing 12 per cent annually.</div>\r\n\r\n<h5><strong>Content</strong></h5>\r\n<div><p>According to ACI, the marine engine market was around $24 million in 2019-20 and it doubled to $52.2 million in the following financial year as demand from operators rose. The number of ocean- and river-going s<span class=\"search-text\">hi</span>ps is also going up.</p>\r\n\r\n<p>Subrata Ranjan Das, executive director of ACI Motors, said roughly 10,000 inland and coastal s<span class=\"search-text\">hi</span>ps operating in Bangladesh carry 90 per cent of the total oil products, 70 per cent cargoes and 35 per cent of passengers.</p>\r\n\r\n<p>Bangladesh requires 586 units of vessels every year and another 350 lighter s<span class=\"search-text\">hi</span>ps would be required by Payra seaport once it opens, according to an assessment of ACI.</p></div>',NULL,NULL),(68,23,11,'<h5 class=\"mb-3\"><strong>Nat’l grid gets power from Adani on trial basis</strong></h5>\r\n\r\n<h5><strong>Fine Points</strong></h5>\r\n<div class=\"mb-5\">Electricity supply from the controversial Adani power plant in Godda, Jharkhand began on a trial basis yesterday.\r\n\r\n\"We are getting 50 megawatts of electricity since 7:38 pm,\" ABM Badruddoza Khan, spokesman for Power Grid Company of Bangladesh, told The Daily Star.</div>\r\n\r\n<h5><strong>Content</strong></h5>\r\n<div><p>The electricity was generated at a 1,600-megawatt ultra-supercritical power plant located on 425 hectares of land in an Indian village about 100 kilometres from the Bangladesh border and delivered through a dedicated transmission line.</p>\r\n\r\n<p>Now the power plant will supply electricity to the national grid until commercial operation starts, Khan said, adding that the supply will gradually increase as per demand.</p>\r\n\r\n<p>The plant was supposed to start commercial operation by December 16 last year but was later s<span class=\"search-text\">hi</span>fted to March 26 t<span class=\"search-text\">hi</span>s year.</p>\r\n\r\n<p>As per the power purchase agreement signed on November 5, 2017, with Adani Power, the Bangladesh Power Development Board will purchase at least 34 percent of the power generated by the plant over a 25-year period.</p></div>',NULL,NULL),(69,23,12,'<h5 class=\"mb-3\"><strong>Column by Mahfuz Anam: Rewarding thuggery, punis<span class=\"search-text\">hi</span>ng talent</strong></h5>\r\n\r\n<h5><strong>Fine Points</strong></h5>\r\n<div class=\"mb-5\">Many factors that impact us as a country are not in our control – the climate crisis, pandemics, geopolitics, globalisation, energy crisis, international terms of trade, the Ukraine war, etc. But some are, like enabling our students to be among the best learners, if not in the world, then at least in the region. So when we fail to do that, and knowingly continue to do the very opposite of it, we are forced to ask: are we not destroying the future of our students and, in the process, jeopardising that of our country?</div>\r\n\r\n<h5><strong>Content</strong></h5>\r\n<div><p>But we must also ask: what has become of the student activism that we were once so proud of? Do issues like justice, democracy, freedom, and rights of others hold any meaning for our present day students? How conscious are they of the complexity of modern life and its challenges? How aware are they of the existential threat that humanity faces today &ndash; namely climate change? Do they know that their beloved motherland is at the forefront of that crisis and is likely to be one of its worst victims? Do they t<span class=\"search-text\">hi</span>nk that attacking opponents to sort out differences is the only way to go? Do they attach any value to having dialogues with those with whom they disagree? Why is violence their first choice? What values, ideals, dreams are they receiving from their education? What is the role of educational institutions in genuinely guiding these young lives to prepare better for the future?</p></div>',NULL,NULL),(70,24,9,'<h5 class=\"mb-3\"><strong>Gulistan blast :: Writing was on the wall</strong></h5>\r\n\r\n<h5><strong>Fine Points</strong></h5>\r\n<div class=\"mb-5\">The loss of at least 22 lives in Tuesday\'s explosion at Siddikbazar in Gulistan area is the result of sheer greed and negligence of the owners of the building and the shop in its basement, found primary investigation of the police.</div>\r\n\r\n<h5><strong>Content</strong></h5>\r\n<div><p>But the building owners, without complying with the building code, rented it out to a trader who enclosed the entire 1,800-square-foot basement with glass, leaving no space for air passage, said police.</p>\r\n\r\n<p>The proprietor of the shop named &quot;Bangladesh Sanitary&quot; had installed two heavy-duty ACs but those were not serviced since 2010, said DMP&#39;s Additional Commissioner Harun Or Ras<span class=\"search-text\">hi</span>d.</p>\r\n\r\n<p>&quot;It was the responsibility of the building owners to use the basement for car parking. There was no air ventilation system there and those who rented the basement never raised any questions,&quot; he said at a press briefing at DMP Media Centre yesterday.</p>\r\n\r\n<p>&quot;Their negligence caused so many deaths and injuries. So, the building owners and the shop owner cannot avoid responsibility.&quot;</p>\r\n\r\n<p>The additional commissioner at the briefing disclosed the arrest of two building owners, Wa<span class=\"search-text\">hi</span>dur Rahman, 46, and <span class=\"search-text\">hi</span>s brother Matiur Rahman, 36, and proprietor of Bangladesh Sanitary Abdul Motaleb Mintu.</p></div>',NULL,NULL),(71,24,10,'<h5 class=\"mb-3\"><strong>ACI to expand footprint in marine engine market</strong></h5>\r\n\r\n<h5><strong>Fine Points</strong></h5>\r\n<div class=\"mb-5\">ACI Limited, one of the biggest conglomerates in Bangladesh, is set to expand its footprint in the country\'s marine engine business segment in order to capture a piece of a market that is growing 12 per cent annually.</div>\r\n\r\n<h5><strong>Content</strong></h5>\r\n<div><p>According to ACI, the marine engine market was around $24 million in 2019-20 and it doubled to $52.2 million in the following financial year as demand from operators rose. The number of ocean- and river-going s<span class=\"search-text\">hi</span>ps is also going up.</p>\r\n\r\n<p>Subrata Ranjan Das, executive director of ACI Motors, said roughly 10,000 inland and coastal s<span class=\"search-text\">hi</span>ps operating in Bangladesh carry 90 per cent of the total oil products, 70 per cent cargoes and 35 per cent of passengers.</p>\r\n\r\n<p>Bangladesh requires 586 units of vessels every year and another 350 lighter s<span class=\"search-text\">hi</span>ps would be required by Payra seaport once it opens, according to an assessment of ACI.</p></div>',NULL,NULL),(72,24,11,'<h5 class=\"mb-3\"><strong>Nat’l grid gets power from Adani on trial basis</strong></h5>\r\n\r\n<h5><strong>Fine Points</strong></h5>\r\n<div class=\"mb-5\">Electricity supply from the controversial Adani power plant in Godda, Jharkhand began on a trial basis yesterday.\r\n\r\n\"We are getting 50 megawatts of electricity since 7:38 pm,\" ABM Badruddoza Khan, spokesman for Power Grid Company of Bangladesh, told The Daily Star.</div>\r\n\r\n<h5><strong>Content</strong></h5>\r\n<div><p>The electricity was generated at a 1,600-megawatt ultra-supercritical power plant located on 425 hectares of land in an Indian village about 100 kilometres from the Bangladesh border and delivered through a dedicated transmission line.</p>\r\n\r\n<p>Now the power plant will supply electricity to the national grid until commercial operation starts, Khan said, adding that the supply will gradually increase as per demand.</p>\r\n\r\n<p>The plant was supposed to start commercial operation by December 16 last year but was later s<span class=\"search-text\">hi</span>fted to March 26 t<span class=\"search-text\">hi</span>s year.</p>\r\n\r\n<p>As per the power purchase agreement signed on November 5, 2017, with Adani Power, the Bangladesh Power Development Board will purchase at least 34 percent of the power generated by the plant over a 25-year period.</p></div>',NULL,NULL),(73,24,12,'<h5 class=\"mb-3\"><strong>Column by Mahfuz Anam: Rewarding thuggery, punis<span class=\"search-text\">hi</span>ng talent</strong></h5>\r\n\r\n<h5><strong>Fine Points</strong></h5>\r\n<div class=\"mb-5\">Many factors that impact us as a country are not in our control – the climate crisis, pandemics, geopolitics, globalisation, energy crisis, international terms of trade, the Ukraine war, etc. But some are, like enabling our students to be among the best learners, if not in the world, then at least in the region. So when we fail to do that, and knowingly continue to do the very opposite of it, we are forced to ask: are we not destroying the future of our students and, in the process, jeopardising that of our country?</div>\r\n\r\n<h5><strong>Content</strong></h5>\r\n<div><p>But we must also ask: what has become of the student activism that we were once so proud of? Do issues like justice, democracy, freedom, and rights of others hold any meaning for our present day students? How conscious are they of the complexity of modern life and its challenges? How aware are they of the existential threat that humanity faces today &ndash; namely climate change? Do they know that their beloved motherland is at the forefront of that crisis and is likely to be one of its worst victims? Do they t<span class=\"search-text\">hi</span>nk that attacking opponents to sort out differences is the only way to go? Do they attach any value to having dialogues with those with whom they disagree? Why is violence their first choice? What values, ideals, dreams are they receiving from their education? What is the role of educational institutions in genuinely guiding these young lives to prepare better for the future?</p></div>',NULL,NULL);

/*Table structure for table `searches` */

DROP TABLE IF EXISTS `searches`;

CREATE TABLE `searches` (
  `id` bigint(20) unsigned NOT NULL AUTO_INCREMENT,
  `user_id` bigint(20) unsigned NOT NULL,
  `keyword` text COLLATE utf8mb4_unicode_ci NOT NULL,
  `created_at` timestamp NULL DEFAULT NULL,
  `updated_at` timestamp NULL DEFAULT NULL,
  PRIMARY KEY (`id`),
  KEY `searches_user_id_foreign` (`user_id`),
  CONSTRAINT `searches_user_id_foreign` FOREIGN KEY (`user_id`) REFERENCES `users` (`id`) ON DELETE CASCADE ON UPDATE CASCADE
) ENGINE=InnoDB AUTO_INCREMENT=25 DEFAULT CHARSET=utf8mb4 COLLATE=utf8mb4_unicode_ci;

/*Data for the table `searches` */

insert  into `searches`(`id`,`user_id`,`keyword`,`created_at`,`updated_at`) values (9,5221,'any','2023-03-10 06:42:46','2023-03-10 06:42:46'),(10,5221,'any','2023-03-10 06:43:01','2023-03-10 06:43:01'),(11,5221,'any','2023-03-10 06:47:24','2023-03-10 06:47:24'),(12,5221,'any','2023-03-10 06:49:06','2023-03-10 06:49:06'),(13,5221,'any','2023-03-10 06:51:53','2023-03-10 06:51:53'),(14,5221,'any','2023-03-10 06:52:11','2023-03-10 06:52:11'),(15,5221,'any','2023-03-10 06:53:51','2023-03-10 06:53:51'),(16,5221,'any','2023-03-10 06:53:55','2023-03-10 06:53:55'),(17,5220,'ar','2023-03-10 09:31:34','2023-03-10 09:31:34'),(18,5220,'big','2023-03-10 09:31:55','2023-03-10 09:31:55'),(19,5220,'a','2023-03-10 09:32:09','2023-03-10 09:32:09'),(20,5222,'hi','2023-03-10 09:45:03','2023-03-10 09:45:03'),(21,5222,'hi','2023-03-10 09:45:43','2023-03-10 09:45:43'),(22,5222,'hi','2023-03-10 09:46:01','2023-03-10 09:46:01'),(23,5222,'hi','2023-03-10 09:46:10','2023-03-10 09:46:10'),(24,5222,'hi','2023-03-10 09:46:18','2023-03-10 09:46:18');

/*Table structure for table `submenu` */

DROP TABLE IF EXISTS `submenu`;

CREATE TABLE `submenu` (
  `id` bigint(20) unsigned NOT NULL AUTO_INCREMENT,
  `menu_id` bigint(20) unsigned NOT NULL,
  `name` varchar(255) COLLATE utf8mb4_unicode_ci NOT NULL,
  `route` text COLLATE utf8mb4_unicode_ci NOT NULL,
  `icon` text COLLATE utf8mb4_unicode_ci,
  `desc` text COLLATE utf8mb4_unicode_ci,
  `serial` int(11) DEFAULT NULL,
  `status` int(11) NOT NULL DEFAULT '1',
  `created_at` timestamp NULL DEFAULT NULL,
  `updated_at` timestamp NULL DEFAULT NULL,
  PRIMARY KEY (`id`),
  KEY `submenu_menu_id_foreign` (`menu_id`),
  CONSTRAINT `submenu_menu_id_foreign` FOREIGN KEY (`menu_id`) REFERENCES `menu` (`id`) ON UPDATE CASCADE
) ENGINE=InnoDB AUTO_INCREMENT=99 DEFAULT CHARSET=utf8mb4 COLLATE=utf8mb4_unicode_ci;

/*Data for the table `submenu` */

insert  into `submenu`(`id`,`menu_id`,`name`,`route`,`icon`,`desc`,`serial`,`status`,`created_at`,`updated_at`) values (1,8,'Modules','modules','fa fa-tasks',NULL,1,1,'2020-05-15 13:46:36','2020-05-15 13:46:36'),(2,8,'Menu','menu','fa fa-tasks',NULL,2,1,'2020-05-15 13:47:39','2020-05-15 13:47:39'),(3,8,'Submenu','submenu','fa fa-tasks',NULL,3,1,'2020-05-15 13:47:52','2020-05-15 13:47:52'),(4,8,'Options','options','fa fa-tasks',NULL,4,1,'2020-05-15 17:12:39','2020-05-15 17:12:39'),(5,10,'Roles','roles','fab fa-accessible-icon',NULL,1,1,'2020-05-15 17:40:50','2020-05-15 17:40:50'),(6,10,'Role Permissions','role-permissions','fab fa-angellist',NULL,0,1,'2020-05-15 17:42:12','2020-05-15 17:42:12'),(7,8,'Freelinks','freelinks','fas fa-external-link-alt',NULL,5,1,'2020-05-17 16:10:28','2020-05-17 16:13:18'),(98,8,'System Information','system-information','fas fa-cogs',NULL,0,1,'2020-09-08 13:14:51','2020-09-08 13:15:10');

/*Table structure for table `system_information` */

DROP TABLE IF EXISTS `system_information`;

CREATE TABLE `system_information` (
  `id` bigint(20) unsigned NOT NULL AUTO_INCREMENT,
  `name` text COLLATE utf8mb4_unicode_ci NOT NULL,
  `phone` text COLLATE utf8mb4_unicode_ci NOT NULL,
  `mobile` text COLLATE utf8mb4_unicode_ci,
  `address` text COLLATE utf8mb4_unicode_ci,
  `email` text COLLATE utf8mb4_unicode_ci NOT NULL,
  `twitter` text COLLATE utf8mb4_unicode_ci NOT NULL,
  `facebook` text COLLATE utf8mb4_unicode_ci NOT NULL,
  `instagram` text COLLATE utf8mb4_unicode_ci NOT NULL,
  `skype` text COLLATE utf8mb4_unicode_ci NOT NULL,
  `linked_in` text COLLATE utf8mb4_unicode_ci NOT NULL,
  `logo` text COLLATE utf8mb4_unicode_ci NOT NULL,
  `icon` text COLLATE utf8mb4_unicode_ci NOT NULL,
  `report_file` text COLLATE utf8mb4_unicode_ci,
  `report_file_info` text COLLATE utf8mb4_unicode_ci,
  `status` int(11) NOT NULL DEFAULT '1',
  `created_at` timestamp NULL DEFAULT NULL,
  `updated_at` timestamp NULL DEFAULT NULL,
  PRIMARY KEY (`id`)
) ENGINE=InnoDB AUTO_INCREMENT=2 DEFAULT CHARSET=utf8mb4 COLLATE=utf8mb4_unicode_ci;

/*Data for the table `system_information` */

insert  into `system_information`(`id`,`name`,`phone`,`mobile`,`address`,`email`,`twitter`,`facebook`,`instagram`,`skype`,`linked_in`,`logo`,`icon`,`report_file`,`report_file_info`,`status`,`created_at`,`updated_at`) values (1,'Search Engine','+8801000000000','+8801000000000','Dhaka','crm@gmail.com','https://twitter.com/','https://www.facebook.com/','https://www.instagram.com/','https://www.skype.com','https://www.linkedin.com/','1-20230310094929-1500146398-799167768.png','1-20230310094940-372359607-1635889961.png','20210120171951-1142582553-1875780514.xls','{\"name\":\"Compelet+Incompelet.xlsx.xls\",\"type\":\"application\\/vnd.ms-excel\",\"size\":191488,\"width\":null,\"height\":null,\"extension\":\"xls\"}',1,NULL,'2023-03-10 09:49:48');

/*Table structure for table `users` */

DROP TABLE IF EXISTS `users`;

CREATE TABLE `users` (
  `id` bigint(20) unsigned NOT NULL AUTO_INCREMENT,
  `name` varchar(191) COLLATE utf8mb4_unicode_ci DEFAULT NULL,
  `phone` varchar(191) COLLATE utf8mb4_unicode_ci DEFAULT NULL,
  `email` varchar(191) COLLATE utf8mb4_unicode_ci DEFAULT NULL,
  `username` varchar(191) COLLATE utf8mb4_unicode_ci NOT NULL,
  `password` varchar(191) COLLATE utf8mb4_unicode_ci NOT NULL,
  `role_id` bigint(20) unsigned NOT NULL,
  `is_developer` int(1) DEFAULT '0',
  `sound` int(1) DEFAULT '1',
  `gender` int(1) DEFAULT '1',
  `admin` bigint(20) NOT NULL DEFAULT '0',
  `image` text COLLATE utf8mb4_unicode_ci,
  `added_by` int(11) DEFAULT NULL,
  `office_id` bigint(20) DEFAULT '0',
  `status` int(11) NOT NULL DEFAULT '1',
  `remember_token` varchar(100) COLLATE utf8mb4_unicode_ci DEFAULT NULL,
  `created_at` timestamp NULL DEFAULT NULL,
  `updated_at` timestamp NULL DEFAULT NULL,
  PRIMARY KEY (`id`),
  UNIQUE KEY `users_username_unique` (`username`),
  KEY `users_role_id_foreign` (`role_id`),
  CONSTRAINT `users_role_id_foreign` FOREIGN KEY (`role_id`) REFERENCES `roles` (`id`) ON UPDATE CASCADE
) ENGINE=InnoDB AUTO_INCREMENT=5223 DEFAULT CHARSET=utf8mb4 COLLATE=utf8mb4_unicode_ci;

/*Data for the table `users` */

insert  into `users`(`id`,`name`,`phone`,`email`,`username`,`password`,`role_id`,`is_developer`,`sound`,`gender`,`admin`,`image`,`added_by`,`office_id`,`status`,`remember_token`,`created_at`,`updated_at`) values (5219,'Super Admin',NULL,'super-admin@email.com','super-admin@email.com','$2a$12$nybQ6TeODZ6yxodj2YyXje3pePI8OeDg5gQevWRHh7CcVZkbqrg6u',1,0,1,1,1,NULL,1,0,1,NULL,'2023-02-13 18:31:43','2023-02-13 18:31:43'),(5220,'Admin',NULL,'admin@email.com','admin@email.com','$2a$12$nybQ6TeODZ6yxodj2YyXje3pePI8OeDg5gQevWRHh7CcVZkbqrg6u',2,0,1,1,0,NULL,1,0,1,NULL,'2023-02-13 18:32:14','2023-02-13 18:32:14'),(5221,'User',NULL,'user@email.com','user@email.com','$2a$12$H.mZT5KKj38l6EwA6.wFy.icAYAhgZ4ZDgSjMHmyLB6ZZ6zVD79Uq',3,0,1,1,0,NULL,NULL,0,1,NULL,NULL,NULL),(5222,'Arafat Anwar',NULL,'anwarullah211015002@gmail.com','','$2y$10$6NEpNZJvmMns7rb0lM.1oeVJCNC5gvxV5d44wqIeP.nkxnU3NvvUy',3,0,1,1,0,NULL,NULL,0,1,NULL,'2023-03-10 09:44:53','2023-03-10 09:44:53');

/*!40101 SET SQL_MODE=@OLD_SQL_MODE */;
/*!40014 SET FOREIGN_KEY_CHECKS=@OLD_FOREIGN_KEY_CHECKS */;
/*!40014 SET UNIQUE_CHECKS=@OLD_UNIQUE_CHECKS */;
/*!40111 SET SQL_NOTES=@OLD_SQL_NOTES */;
